match_date,player_name,player_id,player_role,match_name,match_id,batting_points,sr_points,bowling_points,economy_points,fielding_points,lineup_bonus,total_points
2026-03-28,Abhinandan Singh,849877f5-7704-4cad-b1ba-9e0b33aed35e,Bowler,"Royal Challengers Bengaluru vs Sunrisers Hyderabad, 1st Match, Indian Premier League 2026",547b47e3-b2d9-4f51-8a49-8e7e4c946a6e,0,0,30,-6,8,4,36
2026-03-28,Abhishek Sharma,83fe6ab6-d63c-420e-9416-a93d59a9a964,Batting Allrounder,"Royal Challengers Bengaluru vs Sunrisers Hyderabad, 1st Match, Indian Premier League 2026",547b47e3-b2d9-4f51-8a49-8e7e4c946a6e,13,0,0,0,0,4,17
2026-03-28,Aniket Verma,196f622e-e1ae-4962-95b5-81324e26c5fe,Batsman,"Royal Challengers Bengaluru vs Sunrisers Hyderabad, 1st Match, Indian Premier League 2026",547b47e3-b2d9-4f51-8a49-8e7e4c946a6e,83,6,0,0,0,4,93
2026-03-28,Bhuvneshwar Kumar,3f3ecf51-8411-4046-9477-18c0fe3da6ac,Bowler,"Royal Challengers Bengaluru vs Sunrisers Hyderabad, 1st Match, Indian Premier League 2026",547b47e3-b2d9-4f51-8a49-8e7e4c946a6e,0,0,30,0,0,4,34
2026-03-28,David Payne,7cb23ef6-2cd5-4aeb-9047-a5054d220f98,Bowler,"Royal Challengers Bengaluru vs Sunrisers Hyderabad, 1st Match, Indian Premier League 2026",547b47e3-b2d9-4f51-8a49-8e7e4c946a6e,6,0,60,-4,0,4,66
2026-03-28,Devdutt Padikkal,74c6584a-45a5-4781-a5e7-c0c9340da954,Batsman,"Royal Challengers Bengaluru vs Sunrisers Hyderabad, 1st Match, Indian Premier League 2026",547b47e3-b2d9-4f51-8a49-8e7e4c946a6e,121,6,0,0,28,4,159
2026-03-28,Eshan Malinga,7aa19b4a-48ef-4d17-bef7-1e71f7829cb5,Bowler,"Royal Challengers Bengaluru vs Sunrisers Hyderabad, 1st Match, Indian Premier League 2026",547b47e3-b2d9-4f51-8a49-8e7e4c946a6e,0,0,0,-6,0,4,-2
2026-03-28,Harsh Dubey,cc7c9a0b-b6ac-4109-84c8-dd9b1704308f,Bowling Allrounder,"Royal Challengers Bengaluru vs Sunrisers Hyderabad, 1st Match, Indian Premier League 2026",547b47e3-b2d9-4f51-8a49-8e7e4c946a6e,3,0,30,-4,8,4,41
2026-03-28,Harshal Patel,15bccb4f-8c3c-4da6-acd9-551782278bfd,Bowler,"Royal Challengers Bengaluru vs Sunrisers Hyderabad, 1st Match, Indian Premier League 2026",547b47e3-b2d9-4f51-8a49-8e7e4c946a6e,0,0,0,-6,0,4,-2
2026-03-28,Heinrich Klaasen,7d662361-8f12-4a52-9a4b-01e8734bd31d,WK-Batsman,"Royal Challengers Bengaluru vs Sunrisers Hyderabad, 1st Match, Indian Premier League 2026",547b47e3-b2d9-4f51-8a49-8e7e4c946a6e,49,2,0,0,16,4,71
2026-03-28,Ishan Kishan,9ae68636-48d9-488f-8adc-e62a19815d85,WK-Batsman,"Royal Challengers Bengaluru vs Sunrisers Hyderabad, 1st Match, Indian Premier League 2026",547b47e3-b2d9-4f51-8a49-8e7e4c946a6e,154,6,0,0,0,4,164
2026-03-28,Jacob Duffy,6e05cbea-6a4b-42ef-8e2e-b44e4b434c2f,Bowler,"Royal Challengers Bengaluru vs Sunrisers Hyderabad, 1st Match, Indian Premier League 2026",547b47e3-b2d9-4f51-8a49-8e7e4c946a6e,0,0,94,4,0,4,102
2026-03-28,Jaydev Unadkat,f589d2a9-4e44-464d-9741-e224354a1370,Bowler,"Royal Challengers Bengaluru vs Sunrisers Hyderabad, 1st Match, Indian Premier League 2026",547b47e3-b2d9-4f51-8a49-8e7e4c946a6e,4,0,30,0,8,4,46
2026-03-28,Jitesh Sharma,e28de73b-f5df-49eb-bdf6-c50471319404,WK-Batsman,"Royal Challengers Bengaluru vs Sunrisers Hyderabad, 1st Match, Indian Premier League 2026",547b47e3-b2d9-4f51-8a49-8e7e4c946a6e,0,0,0,0,8,4,12
2026-03-28,Krunal Pandya,81c09c1b-1b1d-4e87-9eaa-d7d0a89a6159,Batting Allrounder,"Royal Challengers Bengaluru vs Sunrisers Hyderabad, 1st Match, Indian Premier League 2026",547b47e3-b2d9-4f51-8a49-8e7e4c946a6e,0,0,0,-6,0,4,-2
2026-03-28,Nitish Kumar Reddy,5bf98798-b2b0-47d2-b799-5307c0fd4936,Batting Allrounder,"Royal Challengers Bengaluru vs Sunrisers Hyderabad, 1st Match, Indian Premier League 2026",547b47e3-b2d9-4f51-8a49-8e7e4c946a6e,1,0,0,0,0,4,5
2026-03-28,Philip Salt,6db25d60-ff96-4d8d-8d22-dedeeb5ffa29,WK-Batsman,"Royal Challengers Bengaluru vs Sunrisers Hyderabad, 1st Match, Indian Premier League 2026",547b47e3-b2d9-4f51-8a49-8e7e4c946a6e,16,0,0,0,28,4,48
2026-03-28,Rajat Patidar,88215ee9-ca67-48af-a3f0-6b38718bd830,Batsman,"Royal Challengers Bengaluru vs Sunrisers Hyderabad, 1st Match, Indian Premier League 2026",547b47e3-b2d9-4f51-8a49-8e7e4c946a6e,61,6,0,0,0,4,71
2026-03-28,Romario Shepherd,7fd4fa20-bc49-4337-ae8a-540b67cb011d,Bowling Allrounder,"Royal Challengers Bengaluru vs Sunrisers Hyderabad, 1st Match, Indian Premier League 2026",547b47e3-b2d9-4f51-8a49-8e7e4c946a6e,0,0,94,-6,0,4,92
2026-03-28,Salil Arora,80c06194-6b4e-44a3-978f-ddacb33a95bb,WK-Batsman,"Royal Challengers Bengaluru vs Sunrisers Hyderabad, 1st Match, Indian Premier League 2026",547b47e3-b2d9-4f51-8a49-8e7e4c946a6e,15,0,0,0,0,4,19
2026-03-28,Suyash Sharma,2bf2258f-f35e-4831-884e-f88ef46968f5,Bowler,"Royal Challengers Bengaluru vs Sunrisers Hyderabad, 1st Match, Indian Premier League 2026",547b47e3-b2d9-4f51-8a49-8e7e4c946a6e,0,0,30,0,0,4,34
2026-03-28,Tim David,69718248-2a3a-45d4-9a2a-6f4dfc6942a5,Batsman,"Royal Challengers Bengaluru vs Sunrisers Hyderabad, 1st Match, Indian Premier League 2026",547b47e3-b2d9-4f51-8a49-8e7e4c946a6e,26,4,0,0,0,4,34
2026-03-28,Travis Head,d6720897-e81d-4703-bf33-d2b60c973d30,Batsman,"Royal Challengers Bengaluru vs Sunrisers Hyderabad, 1st Match, Indian Premier League 2026",547b47e3-b2d9-4f51-8a49-8e7e4c946a6e,19,0,0,0,0,4,23
2026-03-28,Virat Kohli,c61d247d-7f77-452c-b495-2813a9cd0ac4,Batsman,"Royal Challengers Bengaluru vs Sunrisers Hyderabad, 1st Match, Indian Premier League 2026",547b47e3-b2d9-4f51-8a49-8e7e4c946a6e,127,6,0,0,8,4,145
2026-03-29,AM Ghazanfar,01966983-b69f-4523-9377-11b5c190715f,Bowler,"Mumbai Indians vs Kolkata Knight Riders, 2nd Match, Indian Premier League 2026",950a9aad-a1a7-46ef-9dcd-d25dec7964af,0,0,0,-6,0,4,-2
2026-03-29,Ajinkya Rahane,cdc2646c-1fe7-4bc2-b26e-42453f45a212,Batsman,"Mumbai Indians vs Kolkata Knight Riders, 2nd Match, Indian Premier League 2026",950a9aad-a1a7-46ef-9dcd-d25dec7964af,117,4,0,0,0,4,125
2026-03-29,Angkrish Raghuvanshi,3c89df94-f39c-4c51-8e64-441c73c32c78,Batsman,"Mumbai Indians vs Kolkata Knight Riders, 2nd Match, Indian Premier League 2026",950a9aad-a1a7-46ef-9dcd-d25dec7964af,95,6,0,0,0,4,105
2026-03-29,Anukul Roy,2958faf6-f7d1-4150-aa9e-e261a629ba0d,Batting Allrounder,"Mumbai Indians vs Kolkata Knight Riders, 2nd Match, Indian Premier League 2026",950a9aad-a1a7-46ef-9dcd-d25dec7964af,0,0,0,0,14,4,18
2026-03-29,Blessing Muzarabani,50e38c9d-bf39-44b8-b5e6-0c9f36b8cbdf,Bowler,"Mumbai Indians vs Kolkata Knight Riders, 2nd Match, Indian Premier League 2026",950a9aad-a1a7-46ef-9dcd-d25dec7964af,0,0,0,-4,0,4,0
2026-03-29,Cameron Green,abe58090-e933-4888-8538-64f4611ee259,Batting Allrounder,"Mumbai Indians vs Kolkata Knight Riders, 2nd Match, Indian Premier League 2026",950a9aad-a1a7-46ef-9dcd-d25dec7964af,28,6,0,0,0,4,38
2026-03-29,Finn Allen,08924d57-b4d3-4ed0-903d-087a8384be12,Batsman,"Mumbai Indians vs Kolkata Knight Riders, 2nd Match, Indian Premier League 2026",950a9aad-a1a7-46ef-9dcd-d25dec7964af,77,6,0,0,0,4,87
2026-03-29,Hardik Pandya,a90b2371-5c53-4c29-a382-9b52d40a7548,Batting Allrounder,"Mumbai Indians vs Kolkata Knight Riders, 2nd Match, Indian Premier League 2026",950a9aad-a1a7-46ef-9dcd-d25dec7964af,30,4,30,-6,8,4,70
2026-03-29,Jasprit Bumrah,6602d875-cf56-46a3-866c-de80aaa006bc,Bowler,"Mumbai Indians vs Kolkata Knight Riders, 2nd Match, Indian Premier League 2026",950a9aad-a1a7-46ef-9dcd-d25dec7964af,0,0,0,0,0,4,4
2026-03-29,Kartik Tyagi,ff17824f-0e1c-4eb7-acd3-8b5d116934bc,Bowler,"Mumbai Indians vs Kolkata Knight Riders, 2nd Match, Indian Premier League 2026",950a9aad-a1a7-46ef-9dcd-d25dec7964af,0,0,30,-2,0,4,32
2026-03-29,Manish Pandey,306f6b88-0442-476a-be55-1500b3441051,Batsman,"Mumbai Indians vs Kolkata Knight Riders, 2nd Match, Indian Premier League 2026",950a9aad-a1a7-46ef-9dcd-d25dec7964af,0,0,0,0,8,4,12
2026-03-29,Mayank Markande,c06c697c-9575-4bb0-b1f0-27a56a2f3898,Bowler,"Mumbai Indians vs Kolkata Knight Riders, 2nd Match, Indian Premier League 2026",950a9aad-a1a7-46ef-9dcd-d25dec7964af,0,0,0,0,0,4,4
2026-03-29,Naman Dhir,71add5ac-55f9-4eb7-9e0c-d51208ae20c0,Batsman,"Mumbai Indians vs Kolkata Knight Riders, 2nd Match, Indian Premier League 2026",950a9aad-a1a7-46ef-9dcd-d25dec7964af,9,0,0,0,0,4,13
2026-03-29,Ramandeep Singh,3187d301-269d-4823-b895-66d652ddefca,Batting Allrounder,"Mumbai Indians vs Kolkata Knight Riders, 2nd Match, Indian Premier League 2026",950a9aad-a1a7-46ef-9dcd-d25dec7964af,4,0,0,0,0,4,8
2026-03-29,Rinku Singh,11864f31-b766-4766-9cbc-5026015ace48,Batsman,"Mumbai Indians vs Kolkata Knight Riders, 2nd Match, Indian Premier League 2026",950a9aad-a1a7-46ef-9dcd-d25dec7964af,53,4,0,0,8,4,69
2026-03-29,Rohit Sharma,03bda674-3916-4d64-952e-00a6c19c01e1,Batsman,"Mumbai Indians vs Kolkata Knight Riders, 2nd Match, Indian Premier League 2026",950a9aad-a1a7-46ef-9dcd-d25dec7964af,150,6,0,0,0,4,160
2026-03-29,Ryan Rickelton,a6686871-5bcd-4aae-8bfc-8298f878b6a9,WK-Batsman,"Mumbai Indians vs Kolkata Knight Riders, 2nd Match, Indian Premier League 2026",950a9aad-a1a7-46ef-9dcd-d25dec7964af,157,6,0,0,0,4,167
2026-03-29,Shardul Thakur,c1257351-51ca-446f-b7f5-01fe92e75076,Bowling Allrounder,"Mumbai Indians vs Kolkata Knight Riders, 2nd Match, Indian Premier League 2026",950a9aad-a1a7-46ef-9dcd-d25dec7964af,0,0,94,0,0,4,98
2026-03-29,Sherfane Rutherford,c978ce48-495b-4773-89c9-8a64d0257896,Batting Allrounder,"Mumbai Indians vs Kolkata Knight Riders, 2nd Match, Indian Premier League 2026",950a9aad-a1a7-46ef-9dcd-d25dec7964af,0,0,0,0,8,4,12
2026-03-29,Sunil Narine,ef2e9c01-41f2-4349-a945-45d8b11dbd19,Bowling Allrounder,"Mumbai Indians vs Kolkata Knight Riders, 2nd Match, Indian Premier League 2026",950a9aad-a1a7-46ef-9dcd-d25dec7964af,0,0,30,-2,0,4,32
2026-03-29,Suryakumar Yadav,8c579447-bfbd-4cf6-a283-db4dc1d5ac33,Batsman,"Mumbai Indians vs Kolkata Knight Riders, 2nd Match, Indian Premier League 2026",950a9aad-a1a7-46ef-9dcd-d25dec7964af,28,0,0,0,0,4,32
2026-03-29,Tilak Varma,aefd9074-da5a-408d-94f1-3be0e79d3b82,Batsman,"Mumbai Indians vs Kolkata Knight Riders, 2nd Match, Indian Premier League 2026",950a9aad-a1a7-46ef-9dcd-d25dec7964af,36,2,0,0,16,4,58
2026-03-29,Trent Boult,6004fd3f-2264-470d-b39f-340d530b19b3,Bowler,"Mumbai Indians vs Kolkata Knight Riders, 2nd Match, Indian Premier League 2026",950a9aad-a1a7-46ef-9dcd-d25dec7964af,0,0,0,0,0,4,4
2026-03-29,Vaibhav Arora,82de5824-b29b-4737-9e9d-44f5796ef227,Bowler,"Mumbai Indians vs Kolkata Knight Riders, 2nd Match, Indian Premier League 2026",950a9aad-a1a7-46ef-9dcd-d25dec7964af,0,0,30,-6,0,4,28
2026-03-29,Varun Chakaravarthy,702254aa-2764-4fe4-b28e-20336a0ab069,Bowler,"Mumbai Indians vs Kolkata Knight Riders, 2nd Match, Indian Premier League 2026",950a9aad-a1a7-46ef-9dcd-d25dec7964af,0,0,0,-4,0,4,0
2026-03-30,Anshul Kamboj,cbe808da-727a-4d9c-b3be-6eb431217483,Bowling Allrounder,"Rajasthan Royals vs Chennai Super Kings, 3rd Match, Indian Premier League 2026",1412721c-3b2b-4703-89c7-f86f5ea81048,11,-2,60,0,0,4,73
2026-03-30,Ayush Mhatre,679f3d10-ac62-4f5b-89b2-7010935b9985,Batsman,"Rajasthan Royals vs Chennai Super Kings, 3rd Match, Indian Premier League 2026",1412721c-3b2b-4703-89c7-f86f5ea81048,-2,0,0,0,0,4,2
2026-03-30,Brijesh Sharma,a0093df7-878e-43b7-a073-8db294d9760c,Unknown,"Rajasthan Royals vs Chennai Super Kings, 3rd Match, Indian Premier League 2026",1412721c-3b2b-4703-89c7-f86f5ea81048,0,0,30,4,0,4,38
2026-03-30,Dhruv Jurel,21d693c2-b4dd-4d24-b747-90dfc8357ef5,WK-Batsman,"Rajasthan Royals vs Chennai Super Kings, 3rd Match, Indian Premier League 2026",1412721c-3b2b-4703-89c7-f86f5ea81048,34,0,0,0,22,4,60
2026-03-30,Jamie Overton,9d8be8e7-4218-400f-919a-211415490575,Bowling Allrounder,"Rajasthan Royals vs Chennai Super Kings, 3rd Match, Indian Premier League 2026",1412721c-3b2b-4703-89c7-f86f5ea81048,67,0,0,0,0,4,71
2026-03-30,Jofra Archer,19758cd7-4cce-47d8-b1fe-5975609de802,Bowler,"Rajasthan Royals vs Chennai Super Kings, 3rd Match, Indian Premier League 2026",1412721c-3b2b-4703-89c7-f86f5ea81048,0,0,60,6,0,4,70
2026-03-30,Kartik Sharma,a9897a50-1497-4912-8899-e67898f87f82,WK-Batsman,"Rajasthan Royals vs Chennai Super Kings, 3rd Match, Indian Premier League 2026",1412721c-3b2b-4703-89c7-f86f5ea81048,24,0,0,0,0,4,28
2026-03-30,Khaleel Ahmed,8df6183b-1c95-46d2-85c0-e185792d03f1,Bowler,"Rajasthan Royals vs Chennai Super Kings, 3rd Match, Indian Premier League 2026",1412721c-3b2b-4703-89c7-f86f5ea81048,0,0,0,4,0,4,8
2026-03-30,Matt Henry,36e929d1-32f1-4d41-96c2-7df1364d0bab,Bowler,"Rajasthan Royals vs Chennai Super Kings, 3rd Match, Indian Premier League 2026",1412721c-3b2b-4703-89c7-f86f5ea81048,9,0,0,-6,0,4,7
2026-03-30,Matthew Short,b55e1386-231c-4d40-9f6a-4d5a9512079c,Batsman,"Rajasthan Royals vs Chennai Super Kings, 3rd Match, Indian Premier League 2026",1412721c-3b2b-4703-89c7-f86f5ea81048,2,0,0,0,0,4,6
2026-03-30,Nandre Burger,3545d689-5166-440e-9eaf-1409e554a547,Bowler,"Rajasthan Royals vs Chennai Super Kings, 3rd Match, Indian Premier League 2026",1412721c-3b2b-4703-89c7-f86f5ea81048,0,0,60,2,0,4,66
2026-03-30,Noor Ahmad,3cbc5a08-62af-4ca5-b709-c7712db6e8b6,Bowler,"Rajasthan Royals vs Chennai Super Kings, 3rd Match, Indian Premier League 2026",1412721c-3b2b-4703-89c7-f86f5ea81048,1,0,0,-4,0,4,1
2026-03-30,Ravi Bishnoi,9a71201c-c377-45aa-a355-1af6d2c4bae3,Bowler,"Rajasthan Royals vs Chennai Super Kings, 3rd Match, Indian Premier League 2026",1412721c-3b2b-4703-89c7-f86f5ea81048,0,0,30,4,8,4,46
2026-03-30,Ravindra Jadeja,81b446e1-bfea-45a7-a15e-062b8157a323,Bowling Allrounder,"Rajasthan Royals vs Chennai Super Kings, 3rd Match, Indian Premier League 2026",1412721c-3b2b-4703-89c7-f86f5ea81048,0,0,60,2,0,4,66
2026-03-30,Riyan Parag,b51bb4e5-acdf-423b-abb3-7a1e6694d2c2,Batting Allrounder,"Rajasthan Royals vs Chennai Super Kings, 3rd Match, Indian Premier League 2026",1412721c-3b2b-4703-89c7-f86f5ea81048,24,0,0,0,0,4,28
2026-03-30,Ruturaj Gaikwad,50b70c71-1535-41c0-87fd-c12883105ede,Batsman,"Rajasthan Royals vs Chennai Super Kings, 3rd Match, Indian Premier League 2026",1412721c-3b2b-4703-89c7-f86f5ea81048,10,-4,0,0,0,4,10
2026-03-30,Sandeep Sharma,3f18b02d-0e1a-49be-aec4-c2fc11503505,Bowler,"Rajasthan Royals vs Chennai Super Kings, 3rd Match, Indian Premier League 2026",1412721c-3b2b-4703-89c7-f86f5ea81048,0,0,30,0,0,4,34
2026-03-30,Sanju Samson,35ed1b20-38f3-4013-be2e-dc28ffbecfd6,WK-Batsman,"Rajasthan Royals vs Chennai Super Kings, 3rd Match, Indian Premier League 2026",1412721c-3b2b-4703-89c7-f86f5ea81048,10,0,0,0,0,4,14
2026-03-30,Sarfaraz Khan,ec1b806b-de33-4b79-b3ba-8a5ad78df163,Batsman,"Rajasthan Royals vs Chennai Super Kings, 3rd Match, Indian Premier League 2026",1412721c-3b2b-4703-89c7-f86f5ea81048,31,2,0,0,8,4,45
2026-03-30,Shivam Dube,22ee45d8-0538-4e3e-a758-c515f9b86d11,Batting Allrounder,"Rajasthan Royals vs Chennai Super Kings, 3rd Match, Indian Premier League 2026",1412721c-3b2b-4703-89c7-f86f5ea81048,12,0,0,0,0,4,16
2026-03-30,Vaibhav Sooryavanshi,0f5502aa-40c8-43c6-a38f-1496000bd5b6,Batsman,"Rajasthan Royals vs Chennai Super Kings, 3rd Match, Indian Premier League 2026",1412721c-3b2b-4703-89c7-f86f5ea81048,106,6,0,0,0,4,116
2026-03-30,Yashasvi Jaiswal,a254feed-0d7c-4f04-a2ab-7bf9ceef156b,Batsman,"Rajasthan Royals vs Chennai Super Kings, 3rd Match, Indian Premier League 2026",1412721c-3b2b-4703-89c7-f86f5ea81048,60,0,0,0,8,4,72
2026-03-31,Arshdeep Singh,607ff10c-5619-411d-a822-06ba28992230,Bowler,"Punjab Kings vs Gujarat Titans, 4th Match, Indian Premier League 2026",235b2c68-326a-49e0-959a-def9fe3b5736,0,0,0,-2,16,4,18
2026-03-31,Ashok Sharma,4b661541-36cf-4dbe-96f0-3d58f971a2a9,Bowler,"Punjab Kings vs Gujarat Titans, 4th Match, Indian Premier League 2026",235b2c68-326a-49e0-959a-def9fe3b5736,0,0,30,-2,8,4,40
2026-03-31,Cooper Connolly,615b1dc1-8f64-4e26-90c4-04999321fd52,Batting Allrounder,"Punjab Kings vs Gujarat Titans, 4th Match, Indian Premier League 2026",235b2c68-326a-49e0-959a-def9fe3b5736,130,4,0,0,8,4,146
2026-03-31,Glenn Phillips,9e6fa482-3ad3-4831-b05d-4fed2510cdf5,Batting Allrounder,"Punjab Kings vs Gujarat Titans, 4th Match, Indian Premier League 2026",235b2c68-326a-49e0-959a-def9fe3b5736,39,2,0,0,0,4,45
2026-03-31,Jos Buttler,7567e305-1b40-4eee-9290-e2fcb8804496,WK-Batsman,"Punjab Kings vs Gujarat Titans, 4th Match, Indian Premier League 2026",235b2c68-326a-49e0-959a-def9fe3b5736,66,0,0,0,8,4,78
2026-03-31,Kagiso Rabada,a81da20a-e420-476a-baf6-204fc219dbdd,Bowler,"Punjab Kings vs Gujarat Titans, 4th Match, Indian Premier League 2026",235b2c68-326a-49e0-959a-def9fe3b5736,0,0,30,-4,0,4,30
2026-03-31,Marco Jansen,d3c53885-7016-4228-8a20-1dd98214489d,Bowling Allrounder,"Punjab Kings vs Gujarat Titans, 4th Match, Indian Premier League 2026",235b2c68-326a-49e0-959a-def9fe3b5736,15,0,30,4,8,4,61
2026-03-31,Marcus Stoinis,11340697-6443-4c3e-ab27-d9d30ba95671,Batting Allrounder,"Punjab Kings vs Gujarat Titans, 4th Match, Indian Premier League 2026",235b2c68-326a-49e0-959a-def9fe3b5736,0,0,0,0,0,4,4
2026-03-31,Mohammed Siraj,2a8d8640-2213-4cf6-ac7e-309d8b733e96,Bowler,"Punjab Kings vs Gujarat Titans, 4th Match, Indian Premier League 2026",235b2c68-326a-49e0-959a-def9fe3b5736,0,0,0,0,0,4,4
2026-03-31,Nehal Wadhera,9713a0a1-b885-4221-9812-23b0b73c6657,Batsman,"Punjab Kings vs Gujarat Titans, 4th Match, Indian Premier League 2026",235b2c68-326a-49e0-959a-def9fe3b5736,3,0,0,0,0,4,7
2026-03-31,Prabhsimran Singh,a15dfada-704c-42c3-9545-91c332ffca73,WK-Batsman,"Punjab Kings vs Gujarat Titans, 4th Match, Indian Premier League 2026",235b2c68-326a-49e0-959a-def9fe3b5736,69,4,0,0,0,4,77
2026-03-31,Prasidh Krishna,99eb6b5c-379f-46da-bab7-dc8fd31ba435,Bowler,"Punjab Kings vs Gujarat Titans, 4th Match, Indian Premier League 2026",235b2c68-326a-49e0-959a-def9fe3b5736,0,0,94,0,8,4,106
2026-03-31,Priyansh Arya,4ff68cf3-d3a7-489f-bf37-4ac233f41a15,Batsman,"Punjab Kings vs Gujarat Titans, 4th Match, Indian Premier League 2026",235b2c68-326a-49e0-959a-def9fe3b5736,13,0,0,0,0,4,17
2026-03-31,Rahul Tewatia,085d49b0-d5e5-4fc5-955b-39758a134545,Batting Allrounder,"Punjab Kings vs Gujarat Titans, 4th Match, Indian Premier League 2026",235b2c68-326a-49e0-959a-def9fe3b5736,15,0,0,0,0,4,19
2026-03-31,Rashid Khan,f0687183-ad9a-44f7-9cbf-4f7eb0cbfb5a,Bowling Allrounder,"Punjab Kings vs Gujarat Titans, 4th Match, Indian Premier League 2026",235b2c68-326a-49e0-959a-def9fe3b5736,0,0,30,0,8,4,42
2026-03-31,Sai Sudharsan,79f582a1-f5ab-4d30-8f5f-b05d4143608c,Batsman,"Punjab Kings vs Gujarat Titans, 4th Match, Indian Premier League 2026",235b2c68-326a-49e0-959a-def9fe3b5736,21,0,0,0,0,4,25
2026-03-31,Shahrukh Khan,d0f69230-16e0-4a79-92aa-f9f7c588d5d3,Batting Allrounder,"Punjab Kings vs Gujarat Titans, 4th Match, Indian Premier League 2026",235b2c68-326a-49e0-959a-def9fe3b5736,4,0,0,0,0,4,8
2026-03-31,Shashank Singh,9d6cb002-6b9f-4795-a9bf-ea1a6e27ed08,Batting Allrounder,"Punjab Kings vs Gujarat Titans, 4th Match, Indian Premier League 2026",235b2c68-326a-49e0-959a-def9fe3b5736,4,0,0,0,0,4,8
2026-03-31,Shreyas Iyer,77791963-6c1b-4979-b07a-f910dee28cd9,Batsman,"Punjab Kings vs Gujarat Titans, 4th Match, Indian Premier League 2026",235b2c68-326a-49e0-959a-def9fe3b5736,30,4,0,0,8,4,46
2026-03-31,Shubman Gill,7263e990-a9e9-4829-8adf-760d18d1315c,Batsman,"Punjab Kings vs Gujarat Titans, 4th Match, Indian Premier League 2026",235b2c68-326a-49e0-959a-def9fe3b5736,67,2,0,0,16,4,89
2026-03-31,Vijaykumar Vyshak,eff809fc-9841-4825-a89f-381db15ad0a2,Bowler,"Punjab Kings vs Gujarat Titans, 4th Match, Indian Premier League 2026",235b2c68-326a-49e0-959a-def9fe3b5736,0,0,94,0,0,4,98
2026-03-31,Washington Sundar,309d3ffd-3d06-460d-9427-c559a604d471,Bowling Allrounder,"Punjab Kings vs Gujarat Titans, 4th Match, Indian Premier League 2026",235b2c68-326a-49e0-959a-def9fe3b5736,26,0,30,0,8,4,68
2026-03-31,Xavier Bartlett,cba19be9-7aec-4083-ba61-26f0aee31721,Bowler,"Punjab Kings vs Gujarat Titans, 4th Match, Indian Premier League 2026",235b2c68-326a-49e0-959a-def9fe3b5736,17,0,0,0,8,4,29
2026-03-31,Yuzvendra Chahal,0d704a13-518a-40a7-bb93-0fc0d92af9e2,Bowler,"Punjab Kings vs Gujarat Titans, 4th Match, Indian Premier League 2026",235b2c68-326a-49e0-959a-def9fe3b5736,0,0,60,2,0,4,66
2026-04-01,Abdul Samad,dd665f5d-04e8-436b-b376-8fd2a9b8bf8a,Batting Allrounder,"Lucknow Super Giants vs Delhi Capitals, 5th Match, Indian Premier League 2026",962d1940-4fea-4e71-97ca-5fc2c008169f,58,2,0,0,8,4,72
2026-04-01,Aiden Markram,3fef81b0-c1e9-45eb-954f-519f3b33d640,Batsman,"Lucknow Super Giants vs Delhi Capitals, 5th Match, Indian Premier League 2026",962d1940-4fea-4e71-97ca-5fc2c008169f,21,0,0,0,0,4,25
2026-04-01,Anrich Nortje,a8c7ce67-5862-4acb-9297-97eafd0ea3d5,Bowler,"Lucknow Super Giants vs Delhi Capitals, 5th Match, Indian Premier League 2026",962d1940-4fea-4e71-97ca-5fc2c008169f,0,0,0,0,0,4,4
2026-04-01,Axar Patel,670ae8ac-4fe9-4f0c-84ee-320b13039f34,Bowling Allrounder,"Lucknow Super Giants vs Delhi Capitals, 5th Match, Indian Premier League 2026",962d1940-4fea-4e71-97ca-5fc2c008169f,0,0,30,4,0,4,38
2026-04-01,Ayush Badoni,151d6979-05d3-4c1f-ae30-0e58af0e8613,Batting Allrounder,"Lucknow Super Giants vs Delhi Capitals, 5th Match, Indian Premier League 2026",962d1940-4fea-4e71-97ca-5fc2c008169f,0,0,0,0,0,4,4
2026-04-01,David Miller,2f50df2f-809d-44f9-b5be-ccb846515861,Batsman,"Lucknow Super Giants vs Delhi Capitals, 5th Match, Indian Premier League 2026",962d1940-4fea-4e71-97ca-5fc2c008169f,0,0,0,0,8,4,12
2026-04-01,KL Rahul,a034346c-b408-4d29-a0f0-8b12430be28e,WK-Batsman,"Lucknow Super Giants vs Delhi Capitals, 5th Match, Indian Premier League 2026",962d1940-4fea-4e71-97ca-5fc2c008169f,0,0,0,0,8,4,12
2026-04-01,Kuldeep Yadav,1e651cfb-57f1-48da-bf9d-83cbff1733d1,Bowler,"Lucknow Super Giants vs Delhi Capitals, 5th Match, Indian Premier League 2026",962d1940-4fea-4e71-97ca-5fc2c008169f,0,0,60,0,8,4,72
2026-04-01,Lungi Ngidi,a1782393-3479-4caa-9c27-79cb87df9abc,Bowler,"Lucknow Super Giants vs Delhi Capitals, 5th Match, Indian Premier League 2026",962d1940-4fea-4e71-97ca-5fc2c008169f,0,0,94,0,0,4,98
2026-04-01,Mitchell Marsh,6eaac800-13e7-4a07-8ee2-14acd04cc53f,Batting Allrounder,"Lucknow Super Giants vs Delhi Capitals, 5th Match, Indian Premier League 2026",962d1940-4fea-4e71-97ca-5fc2c008169f,65,0,0,0,0,4,69
2026-04-01,Mohammed Shami,11d06633-aa20-469c-8fbb-676a1ae33eed,Bowler,"Lucknow Super Giants vs Delhi Capitals, 5th Match, Indian Premier League 2026",962d1940-4fea-4e71-97ca-5fc2c008169f,1,0,30,2,0,4,37
2026-04-01,Mohsin Khan,0a4bb087-ec55-4131-89a1-70f14153dbd9,Bowler,"Lucknow Super Giants vs Delhi Capitals, 5th Match, Indian Premier League 2026",962d1940-4fea-4e71-97ca-5fc2c008169f,0,0,42,6,8,4,60
2026-04-01,Mukesh Kumar,116e2bfb-6a97-4221-8006-8e7da70b0715,Bowler,"Lucknow Super Giants vs Delhi Capitals, 5th Match, Indian Premier League 2026",962d1940-4fea-4e71-97ca-5fc2c008169f,0,0,0,4,14,4,22
2026-04-01,Mukul Choudhary,5f2406ef-f96e-4f60-8529-71d2987ff4e3,WK-Batsman,"Lucknow Super Giants vs Delhi Capitals, 5th Match, Indian Premier League 2026",962d1940-4fea-4e71-97ca-5fc2c008169f,22,0,0,0,0,4,26
2026-04-01,Nicholas Pooran,4e8ab9cd-c5af-430e-887b-d22bf74ad052,WK-Batsman,"Lucknow Super Giants vs Delhi Capitals, 5th Match, Indian Premier League 2026",962d1940-4fea-4e71-97ca-5fc2c008169f,12,0,0,0,0,4,16
2026-04-01,Nitish Rana,64360dd6-a8db-47ae-8837-638a5bbbaae6,Batsman,"Lucknow Super Giants vs Delhi Capitals, 5th Match, Indian Premier League 2026",962d1940-4fea-4e71-97ca-5fc2c008169f,29,0,0,0,0,4,33
2026-04-01,Pathum Nissanka,bbbf3b4e-dbc3-4f2a-986d-1a0227ea5a06,Batsman,"Lucknow Super Giants vs Delhi Capitals, 5th Match, Indian Premier League 2026",962d1940-4fea-4e71-97ca-5fc2c008169f,1,0,0,0,0,4,5
2026-04-01,Prince Yadav,a67a5fef-c1d6-4264-a6a6-c1984489bd36,Bowler,"Lucknow Super Giants vs Delhi Capitals, 5th Match, Indian Premier League 2026",962d1940-4fea-4e71-97ca-5fc2c008169f,0,0,60,2,0,4,66
2026-04-01,Rishabh Pant,a52b2d20-7c98-4238-9ba4-ec78419a5cc2,WK-Batsman,"Lucknow Super Giants vs Delhi Capitals, 5th Match, Indian Premier League 2026",962d1940-4fea-4e71-97ca-5fc2c008169f,11,0,0,0,8,4,23
2026-04-01,Sameer Rizvi,3ec5f8da-2054-4ebb-b9be-2668ddc45e66,Batsman,"Lucknow Super Giants vs Delhi Capitals, 5th Match, Indian Premier League 2026",962d1940-4fea-4e71-97ca-5fc2c008169f,122,2,0,0,0,4,128
2026-04-01,Shahbaz Ahmed,8f4c667c-4bb2-4808-a77b-ebece70f4273,Bowling Allrounder,"Lucknow Super Giants vs Delhi Capitals, 5th Match, Indian Premier League 2026",962d1940-4fea-4e71-97ca-5fc2c008169f,19,0,0,0,0,4,23
2026-04-01,T Natarajan,d8826d0d-ef95-4dce-a47a-b09b97f49f07,Bowler,"Lucknow Super Giants vs Delhi Capitals, 5th Match, Indian Premier League 2026",962d1940-4fea-4e71-97ca-5fc2c008169f,0,0,94,0,0,4,98
2026-04-01,Tristan Stubbs,de19a93e-06df-4597-9186-7a53c1613552,WK-Batsman,"Lucknow Super Giants vs Delhi Capitals, 5th Match, Indian Premier League 2026",962d1940-4fea-4e71-97ca-5fc2c008169f,61,0,0,0,16,4,81
2026-04-01,Vipraj Nigam,6d4e7d4a-4fae-4958-bc15-a063c09508eb,Bowler,"Lucknow Super Giants vs Delhi Capitals, 5th Match, Indian Premier League 2026",962d1940-4fea-4e71-97ca-5fc2c008169f,0,0,0,0,0,4,4
2026-04-02,Abhishek Sharma,83fe6ab6-d63c-420e-9416-a93d59a9a964,Batting Allrounder,"Kolkata Knight Riders vs Sunrisers Hyderabad, 6th Match, Indian Premier League 2026",22fb99f0-77c2-4724-9375-32a82a0b2a70,92,6,0,0,0,4,102
2026-04-02,Ajinkya Rahane,cdc2646c-1fe7-4bc2-b26e-42453f45a212,Batsman,"Kolkata Knight Riders vs Sunrisers Hyderabad, 6th Match, Indian Premier League 2026",22fb99f0-77c2-4724-9375-32a82a0b2a70,8,0,0,0,8,4,20
2026-04-02,Angkrish Raghuvanshi,3c89df94-f39c-4c51-8e64-441c73c32c78,Batsman,"Kolkata Knight Riders vs Sunrisers Hyderabad, 6th Match, Indian Premier League 2026",22fb99f0-77c2-4724-9375-32a82a0b2a70,96,6,0,0,0,4,106
2026-04-02,Aniket Verma,196f622e-e1ae-4962-95b5-81324e26c5fe,Batsman,"Kolkata Knight Riders vs Sunrisers Hyderabad, 6th Match, Indian Premier League 2026",22fb99f0-77c2-4724-9375-32a82a0b2a70,1,0,0,0,8,4,13
2026-04-02,Anukul Roy,2958faf6-f7d1-4150-aa9e-e261a629ba0d,Batting Allrounder,"Kolkata Knight Riders vs Sunrisers Hyderabad, 6th Match, Indian Premier League 2026",22fb99f0-77c2-4724-9375-32a82a0b2a70,0,0,30,0,0,4,34
2026-04-02,Blessing Muzarabani,50e38c9d-bf39-44b8-b5e6-0c9f36b8cbdf,Bowler,"Kolkata Knight Riders vs Sunrisers Hyderabad, 6th Match, Indian Premier League 2026",22fb99f0-77c2-4724-9375-32a82a0b2a70,0,0,132,-2,0,4,134
2026-04-02,Cameron Green,abe58090-e933-4888-8538-64f4611ee259,Batting Allrounder,"Kolkata Knight Riders vs Sunrisers Hyderabad, 6th Match, Indian Premier League 2026",22fb99f0-77c2-4724-9375-32a82a0b2a70,2,0,0,0,8,4,14
2026-04-02,David Payne,7cb23ef6-2cd5-4aeb-9047-a5054d220f98,Bowler,"Kolkata Knight Riders vs Sunrisers Hyderabad, 6th Match, Indian Premier League 2026",22fb99f0-77c2-4724-9375-32a82a0b2a70,0,0,0,-6,0,4,-2
2026-04-02,Eshan Malinga,7aa19b4a-48ef-4d17-bef7-1e71f7829cb5,Bowler,"Kolkata Knight Riders vs Sunrisers Hyderabad, 6th Match, Indian Premier League 2026",22fb99f0-77c2-4724-9375-32a82a0b2a70,0,0,60,2,14,4,80
2026-04-02,Finn Allen,08924d57-b4d3-4ed0-903d-087a8384be12,Batsman,"Kolkata Knight Riders vs Sunrisers Hyderabad, 6th Match, Indian Premier League 2026",22fb99f0-77c2-4724-9375-32a82a0b2a70,60,0,0,0,0,4,64
2026-04-02,Harsh Dubey,cc7c9a0b-b6ac-4109-84c8-dd9b1704308f,Bowling Allrounder,"Kolkata Knight Riders vs Sunrisers Hyderabad, 6th Match, Indian Premier League 2026",22fb99f0-77c2-4724-9375-32a82a0b2a70,17,0,30,0,0,4,51
2026-04-02,Heinrich Klaasen,7d662361-8f12-4a52-9a4b-01e8734bd31d,WK-Batsman,"Kolkata Knight Riders vs Sunrisers Hyderabad, 6th Match, Indian Premier League 2026",22fb99f0-77c2-4724-9375-32a82a0b2a70,82,2,0,0,0,4,88
2026-04-02,Ishan Kishan,9ae68636-48d9-488f-8adc-e62a19815d85,WK-Batsman,"Kolkata Knight Riders vs Sunrisers Hyderabad, 6th Match, Indian Premier League 2026",22fb99f0-77c2-4724-9375-32a82a0b2a70,26,0,0,0,16,4,46
2026-04-02,Jaydev Unadkat,f589d2a9-4e44-464d-9741-e224354a1370,Bowler,"Kolkata Knight Riders vs Sunrisers Hyderabad, 6th Match, Indian Premier League 2026",22fb99f0-77c2-4724-9375-32a82a0b2a70,0,0,94,2,16,4,116
2026-04-02,Kartik Tyagi,ff17824f-0e1c-4eb7-acd3-8b5d116934bc,Bowler,"Kolkata Knight Riders vs Sunrisers Hyderabad, 6th Match, Indian Premier League 2026",22fb99f0-77c2-4724-9375-32a82a0b2a70,9,0,30,-4,0,4,39
2026-04-02,Nitish Kumar Reddy,5bf98798-b2b0-47d2-b799-5307c0fd4936,Batting Allrounder,"Kolkata Knight Riders vs Sunrisers Hyderabad, 6th Match, Indian Premier League 2026",22fb99f0-77c2-4724-9375-32a82a0b2a70,65,4,60,0,0,4,133
2026-04-02,Ramandeep Singh,3187d301-269d-4823-b895-66d652ddefca,Batting Allrounder,"Kolkata Knight Riders vs Sunrisers Hyderabad, 6th Match, Indian Premier League 2026",22fb99f0-77c2-4724-9375-32a82a0b2a70,14,0,0,0,8,4,26
2026-04-02,Rinku Singh,11864f31-b766-4766-9cbc-5026015ace48,Batsman,"Kolkata Knight Riders vs Sunrisers Hyderabad, 6th Match, Indian Premier League 2026",22fb99f0-77c2-4724-9375-32a82a0b2a70,61,2,0,0,16,4,83
2026-04-02,Salil Arora,80c06194-6b4e-44a3-978f-ddacb33a95bb,WK-Batsman,"Kolkata Knight Riders vs Sunrisers Hyderabad, 6th Match, Indian Premier League 2026",22fb99f0-77c2-4724-9375-32a82a0b2a70,0,0,0,0,0,4,4
2026-04-02,Shivang Kumar,80c68f84-9ddf-4f6d-9672-9b21d51fd44e,Batting Allrounder,"Kolkata Knight Riders vs Sunrisers Hyderabad, 6th Match, Indian Premier League 2026",22fb99f0-77c2-4724-9375-32a82a0b2a70,8,0,0,-2,6,4,16
2026-04-02,Sunil Narine,ef2e9c01-41f2-4349-a945-45d8b11dbd19,Bowling Allrounder,"Kolkata Knight Riders vs Sunrisers Hyderabad, 6th Match, Indian Premier League 2026",22fb99f0-77c2-4724-9375-32a82a0b2a70,24,0,0,0,0,4,28
2026-04-02,Travis Head,d6720897-e81d-4703-bf33-d2b60c973d30,Batsman,"Kolkata Knight Riders vs Sunrisers Hyderabad, 6th Match, Indian Premier League 2026",22fb99f0-77c2-4724-9375-32a82a0b2a70,92,6,0,0,0,4,102
2026-04-02,Vaibhav Arora,82de5824-b29b-4737-9e9d-44f5796ef227,Bowler,"Kolkata Knight Riders vs Sunrisers Hyderabad, 6th Match, Indian Premier League 2026",22fb99f0-77c2-4724-9375-32a82a0b2a70,1,0,60,-4,0,4,61
2026-04-02,Varun Chakaravarthy,702254aa-2764-4fe4-b28e-20336a0ab069,Bowler,"Kolkata Knight Riders vs Sunrisers Hyderabad, 6th Match, Indian Premier League 2026",22fb99f0-77c2-4724-9375-32a82a0b2a70,0,0,0,-6,16,4,14
2026-04-03,Anshul Kamboj,cbe808da-727a-4d9c-b3be-6eb431217483,Bowling Allrounder,"Chennai Super Kings vs Punjab Kings, 7th Match, Indian Premier League 2026",59353457-477e-4c7b-b367-e312d5474744,0,0,60,-6,0,4,58
2026-04-03,Arshdeep Singh,607ff10c-5619-411d-a822-06ba28992230,Bowler,"Chennai Super Kings vs Punjab Kings, 7th Match, Indian Premier League 2026",59353457-477e-4c7b-b367-e312d5474744,0,0,0,-2,0,4,2
2026-04-03,Ayush Mhatre,679f3d10-ac62-4f5b-89b2-7010935b9985,Batsman,"Chennai Super Kings vs Punjab Kings, 7th Match, Indian Premier League 2026",59353457-477e-4c7b-b367-e312d5474744,135,4,0,0,0,4,143
2026-04-03,Cooper Connolly,615b1dc1-8f64-4e26-90c4-04999321fd52,Batting Allrounder,"Chennai Super Kings vs Punjab Kings, 7th Match, Indian Premier League 2026",59353457-477e-4c7b-b367-e312d5474744,64,4,0,0,0,4,72
2026-04-03,Kartik Sharma,a9897a50-1497-4912-8899-e67898f87f82,WK-Batsman,"Chennai Super Kings vs Punjab Kings, 7th Match, Indian Premier League 2026",59353457-477e-4c7b-b367-e312d5474744,1,0,0,0,0,4,5
2026-04-03,Khaleel Ahmed,8df6183b-1c95-46d2-85c0-e185792d03f1,Bowler,"Chennai Super Kings vs Punjab Kings, 7th Match, Indian Premier League 2026",59353457-477e-4c7b-b367-e312d5474744,0,0,0,0,0,4,4
2026-04-03,Marco Jansen,d3c53885-7016-4228-8a20-1dd98214489d,Bowling Allrounder,"Chennai Super Kings vs Punjab Kings, 7th Match, Indian Premier League 2026",59353457-477e-4c7b-b367-e312d5474744,0,0,30,-2,0,4,32
2026-04-03,Marcus Stoinis,11340697-6443-4c3e-ab27-d9d30ba95671,Batting Allrounder,"Chennai Super Kings vs Punjab Kings, 7th Match, Indian Premier League 2026",59353457-477e-4c7b-b367-e312d5474744,17,0,0,0,0,4,21
2026-04-03,Matt Henry,36e929d1-32f1-4d41-96c2-7df1364d0bab,Bowler,"Chennai Super Kings vs Punjab Kings, 7th Match, Indian Premier League 2026",59353457-477e-4c7b-b367-e312d5474744,0,0,60,-6,8,4,66
2026-04-03,Nehal Wadhera,9713a0a1-b885-4221-9812-23b0b73c6657,Batsman,"Chennai Super Kings vs Punjab Kings, 7th Match, Indian Premier League 2026",59353457-477e-4c7b-b367-e312d5474744,16,0,0,0,16,4,36
2026-04-03,Noor Ahmad,3cbc5a08-62af-4ca5-b709-c7712db6e8b6,Bowler,"Chennai Super Kings vs Punjab Kings, 7th Match, Indian Premier League 2026",59353457-477e-4c7b-b367-e312d5474744,0,0,0,0,8,4,12
2026-04-03,Prabhsimran Singh,a15dfada-704c-42c3-9545-91c332ffca73,WK-Batsman,"Chennai Super Kings vs Punjab Kings, 7th Match, Indian Premier League 2026",59353457-477e-4c7b-b367-e312d5474744,77,0,0,0,8,4,89
2026-04-03,Prashant Veer,fb46a43c-3deb-489d-8641-5d1744dfbf81,Bowler,"Chennai Super Kings vs Punjab Kings, 7th Match, Indian Premier League 2026",59353457-477e-4c7b-b367-e312d5474744,10,0,0,0,0,4,14
2026-04-03,Priyansh Arya,4ff68cf3-d3a7-489f-bf37-4ac233f41a15,Batsman,"Chennai Super Kings vs Punjab Kings, 7th Match, Indian Premier League 2026",59353457-477e-4c7b-b367-e312d5474744,79,6,0,0,0,4,89
2026-04-03,Rahul Chahar,d774adaf-78f0-4bf3-965e-8182c05b4517,Bowler,"Chennai Super Kings vs Punjab Kings, 7th Match, Indian Premier League 2026",59353457-477e-4c7b-b367-e312d5474744,0,0,0,-4,8,4,8
2026-04-03,Ruturaj Gaikwad,50b70c71-1535-41c0-87fd-c12883105ede,Batsman,"Chennai Super Kings vs Punjab Kings, 7th Match, Indian Premier League 2026",59353457-477e-4c7b-b367-e312d5474744,40,0,0,0,6,4,50
2026-04-03,Sanju Samson,35ed1b20-38f3-4013-be2e-dc28ffbecfd6,WK-Batsman,"Chennai Super Kings vs Punjab Kings, 7th Match, Indian Premier League 2026",59353457-477e-4c7b-b367-e312d5474744,11,0,0,0,0,4,15
2026-04-03,Sarfaraz Khan,ec1b806b-de33-4b79-b3ba-8a5ad78df163,Batsman,"Chennai Super Kings vs Punjab Kings, 7th Match, Indian Premier League 2026",59353457-477e-4c7b-b367-e312d5474744,66,6,0,0,0,4,76
2026-04-03,Shashank Singh,9d6cb002-6b9f-4795-a9bf-ea1a6e27ed08,Batting Allrounder,"Chennai Super Kings vs Punjab Kings, 7th Match, Indian Premier League 2026",59353457-477e-4c7b-b367-e312d5474744,22,0,0,0,0,4,26
2026-04-03,Shivam Dube,22ee45d8-0538-4e3e-a758-c515f9b86d11,Batting Allrounder,"Chennai Super Kings vs Punjab Kings, 7th Match, Indian Premier League 2026",59353457-477e-4c7b-b367-e312d5474744,75,4,0,0,0,4,83
2026-04-03,Shreyas Iyer,77791963-6c1b-4979-b07a-f910dee28cd9,Batsman,"Chennai Super Kings vs Punjab Kings, 7th Match, Indian Premier League 2026",59353457-477e-4c7b-b367-e312d5474744,92,6,0,0,0,4,102
2026-04-03,Vijaykumar Vyshak,eff809fc-9841-4825-a89f-381db15ad0a2,Bowler,"Chennai Super Kings vs Punjab Kings, 7th Match, Indian Premier League 2026",59353457-477e-4c7b-b367-e312d5474744,0,0,60,0,0,4,64
2026-04-03,Xavier Bartlett,cba19be9-7aec-4083-ba61-26f0aee31721,Bowler,"Chennai Super Kings vs Punjab Kings, 7th Match, Indian Premier League 2026",59353457-477e-4c7b-b367-e312d5474744,0,0,30,-4,0,4,30
2026-04-03,Yuzvendra Chahal,0d704a13-518a-40a7-bb93-0fc0d92af9e2,Bowler,"Chennai Super Kings vs Punjab Kings, 7th Match, Indian Premier League 2026",59353457-477e-4c7b-b367-e312d5474744,0,0,30,2,8,4,44
2026-04-04,Ashok Sharma,4b661541-36cf-4dbe-96f0-3d58f971a2a9,Bowler,"Gujarat Titans vs Rajasthan Royals, 9th Match, Indian Premier League 2026",8f54d791-e6be-4638-9d30-862329e5ebc7,0,0,30,0,0,4,34
2026-04-04,Axar Patel,670ae8ac-4fe9-4f0c-84ee-320b13039f34,Bowling Allrounder,"Delhi Capitals vs Mumbai Indians, 8th Match, Indian Premier League 2026",19455906-a0a9-4959-a591-c5aee00b3e1b,0,0,30,4,8,4,46
2026-04-04,Corbin Bosch,f1dea685-fa68-4339-b582-ba70839e5ca9,Bowling Allrounder,"Delhi Capitals vs Mumbai Indians, 8th Match, Indian Premier League 2026",19455906-a0a9-4959-a591-c5aee00b3e1b,19,0,30,-6,0,4,47
2026-04-04,David Miller,2f50df2f-809d-44f9-b5be-ccb846515861,Batsman,"Delhi Capitals vs Mumbai Indians, 8th Match, Indian Premier League 2026",19455906-a0a9-4959-a591-c5aee00b3e1b,37,0,0,0,0,4,41
2026-04-04,Deepak Chahar,237a1ef2-1eae-4877-8b94-d20d84faf635,Bowler,"Delhi Capitals vs Mumbai Indians, 8th Match, Indian Premier League 2026",19455906-a0a9-4959-a591-c5aee00b3e1b,0,0,30,2,0,4,36
2026-04-04,Dhruv Jurel,21d693c2-b4dd-4d24-b747-90dfc8357ef5,WK-Batsman,"Gujarat Titans vs Rajasthan Royals, 9th Match, Indian Premier League 2026",8f54d791-e6be-4638-9d30-862329e5ebc7,137,6,0,0,14,4,161
2026-04-04,Donovan Ferreira,3f9ced2d-d71a-4478-93db-d7260c7145ee,WK-Batsman,"Gujarat Titans vs Rajasthan Royals, 9th Match, Indian Premier League 2026",8f54d791-e6be-4638-9d30-862329e5ebc7,1,0,0,0,0,4,5
2026-04-04,Glenn Phillips,9e6fa482-3ad3-4831-b05d-4fed2510cdf5,Batting Allrounder,"Gujarat Titans vs Rajasthan Royals, 9th Match, Indian Premier League 2026",8f54d791-e6be-4638-9d30-862329e5ebc7,3,0,0,0,16,4,23
2026-04-04,Jasprit Bumrah,6602d875-cf56-46a3-866c-de80aaa006bc,Bowler,"Delhi Capitals vs Mumbai Indians, 8th Match, Indian Premier League 2026",19455906-a0a9-4959-a591-c5aee00b3e1b,0,0,0,4,6,4,14
2026-04-04,Jofra Archer,19758cd7-4cce-47d8-b1fe-5975609de802,Bowler,"Gujarat Titans vs Rajasthan Royals, 9th Match, Indian Premier League 2026",8f54d791-e6be-4638-9d30-862329e5ebc7,1,0,0,0,16,4,21
2026-04-04,Jos Buttler,7567e305-1b40-4eee-9290-e2fcb8804496,WK-Batsman,"Gujarat Titans vs Rajasthan Royals, 9th Match, Indian Premier League 2026",8f54d791-e6be-4638-9d30-862329e5ebc7,50,6,0,0,8,4,68
2026-04-04,KL Rahul,a034346c-b408-4d29-a0f0-8b12430be28e,WK-Batsman,"Delhi Capitals vs Mumbai Indians, 8th Match, Indian Premier League 2026",19455906-a0a9-4959-a591-c5aee00b3e1b,1,0,0,0,0,4,5
2026-04-04,Kagiso Rabada,a81da20a-e420-476a-baf6-204fc219dbdd,Bowler,"Gujarat Titans vs Rajasthan Royals, 9th Match, Indian Premier League 2026",8f54d791-e6be-4638-9d30-862329e5ebc7,39,0,60,-2,0,4,101
2026-04-04,Kuldeep Yadav,1e651cfb-57f1-48da-bf9d-83cbff1733d1,Bowler,"Delhi Capitals vs Mumbai Indians, 8th Match, Indian Premier League 2026",19455906-a0a9-4959-a591-c5aee00b3e1b,0,0,0,-2,0,4,2
2026-04-04,Kumar Kushagra,8b30fc91-1c7d-4fc9-899c-c795614a42a9,WK-Batsman,"Gujarat Titans vs Rajasthan Royals, 9th Match, Indian Premier League 2026",8f54d791-e6be-4638-9d30-862329e5ebc7,30,0,0,0,8,4,42
2026-04-04,Lungi Ngidi,a1782393-3479-4caa-9c27-79cb87df9abc,Bowler,"Delhi Capitals vs Mumbai Indians, 8th Match, Indian Premier League 2026",19455906-a0a9-4959-a591-c5aee00b3e1b,0,0,30,0,0,4,34
2026-04-04,Mayank Markande,c06c697c-9575-4bb0-b1f0-27a56a2f3898,Bowler,"Delhi Capitals vs Mumbai Indians, 8th Match, Indian Premier League 2026",19455906-a0a9-4959-a591-c5aee00b3e1b,0,0,0,-2,8,4,10
2026-04-04,Mitchell Santner,16ec245b-022d-4104-bd8f-ccc780428390,Bowling Allrounder,"Delhi Capitals vs Mumbai Indians, 8th Match, Indian Premier League 2026",19455906-a0a9-4959-a591-c5aee00b3e1b,26,2,30,0,0,4,62
2026-04-04,Mohammed Siraj,2a8d8640-2213-4cf6-ac7e-309d8b733e96,Bowler,"Gujarat Titans vs Rajasthan Royals, 9th Match, Indian Premier League 2026",8f54d791-e6be-4638-9d30-862329e5ebc7,0,0,30,-4,8,4,38
2026-04-04,Mukesh Kumar,116e2bfb-6a97-4221-8006-8e7da70b0715,Bowler,"Delhi Capitals vs Mumbai Indians, 8th Match, Indian Premier League 2026",19455906-a0a9-4959-a591-c5aee00b3e1b,0,0,60,0,8,4,72
2026-04-04,Naman Dhir,71add5ac-55f9-4eb7-9e0c-d51208ae20c0,Batsman,"Delhi Capitals vs Mumbai Indians, 8th Match, Indian Premier League 2026",19455906-a0a9-4959-a591-c5aee00b3e1b,46,2,0,0,0,4,52
2026-04-04,Nandre Burger,3545d689-5166-440e-9eaf-1409e554a547,Bowler,"Gujarat Titans vs Rajasthan Royals, 9th Match, Indian Premier League 2026",8f54d791-e6be-4638-9d30-862329e5ebc7,0,0,30,0,0,4,34
2026-04-04,Nitish Rana,64360dd6-a8db-47ae-8837-638a5bbbaae6,Batsman,"Delhi Capitals vs Mumbai Indians, 8th Match, Indian Premier League 2026",19455906-a0a9-4959-a591-c5aee00b3e1b,-2,0,0,0,8,4,10
2026-04-04,Pathum Nissanka,bbbf3b4e-dbc3-4f2a-986d-1a0227ea5a06,Batsman,"Delhi Capitals vs Mumbai Indians, 8th Match, Indian Premier League 2026",19455906-a0a9-4959-a591-c5aee00b3e1b,78,2,0,0,0,4,84
2026-04-04,Prasidh Krishna,99eb6b5c-379f-46da-bab7-dc8fd31ba435,Bowler,"Gujarat Titans vs Rajasthan Royals, 9th Match, Indian Premier League 2026",8f54d791-e6be-4638-9d30-862329e5ebc7,0,0,30,-2,0,4,32
2026-04-04,Rahul Tewatia,085d49b0-d5e5-4fc5-955b-39758a134545,Batting Allrounder,"Gujarat Titans vs Rajasthan Royals, 9th Match, Indian Premier League 2026",8f54d791-e6be-4638-9d30-862329e5ebc7,22,0,0,0,0,4,26
2026-04-04,Rashid Khan,f0687183-ad9a-44f7-9cbf-4f7eb0cbfb5a,Bowling Allrounder,"Gujarat Titans vs Rajasthan Royals, 9th Match, Indian Premier League 2026",8f54d791-e6be-4638-9d30-862329e5ebc7,36,2,30,0,0,4,72
2026-04-04,Ravi Bishnoi,9a71201c-c377-45aa-a355-1af6d2c4bae3,Bowler,"Gujarat Titans vs Rajasthan Royals, 9th Match, Indian Premier League 2026",8f54d791-e6be-4638-9d30-862329e5ebc7,0,0,132,-2,0,4,134
2026-04-04,Ravindra Jadeja,81b446e1-bfea-45a7-a15e-062b8157a323,Bowling Allrounder,"Gujarat Titans vs Rajasthan Royals, 9th Match, Indian Premier League 2026",8f54d791-e6be-4638-9d30-862329e5ebc7,11,0,0,-6,8,4,17
2026-04-04,Riyan Parag,b51bb4e5-acdf-423b-abb3-7a1e6694d2c2,Batting Allrounder,"Gujarat Titans vs Rajasthan Royals, 9th Match, Indian Premier League 2026",8f54d791-e6be-4638-9d30-862329e5ebc7,14,0,30,0,0,4,48
2026-04-04,Rohit Sharma,03bda674-3916-4d64-952e-00a6c19c01e1,Batsman,"Delhi Capitals vs Mumbai Indians, 8th Match, Indian Premier League 2026",19455906-a0a9-4959-a591-c5aee00b3e1b,65,2,0,0,0,4,71
2026-04-04,Ryan Rickelton,a6686871-5bcd-4aae-8bfc-8298f878b6a9,WK-Batsman,"Delhi Capitals vs Mumbai Indians, 8th Match, Indian Premier League 2026",19455906-a0a9-4959-a591-c5aee00b3e1b,17,0,0,0,8,4,29
2026-04-04,Sai Sudharsan,79f582a1-f5ab-4d30-8f5f-b05d4143608c,Batsman,"Gujarat Titans vs Rajasthan Royals, 9th Match, Indian Premier League 2026",8f54d791-e6be-4638-9d30-862329e5ebc7,135,4,0,0,0,4,143
2026-04-04,Sameer Rizvi,3ec5f8da-2054-4ebb-b9be-2668ddc45e66,Batsman,"Delhi Capitals vs Mumbai Indians, 8th Match, Indian Premier League 2026",19455906-a0a9-4959-a591-c5aee00b3e1b,172,6,0,0,0,4,182
2026-04-04,Sandeep Sharma,3f18b02d-0e1a-49be-aec4-c2fc11503505,Bowler,"Gujarat Titans vs Rajasthan Royals, 9th Match, Indian Premier League 2026",8f54d791-e6be-4638-9d30-862329e5ebc7,0,0,0,-4,8,4,8
2026-04-04,Shahrukh Khan,d0f69230-16e0-4a79-92aa-f9f7c588d5d3,Batting Allrounder,"Gujarat Titans vs Rajasthan Royals, 9th Match, Indian Premier League 2026",8f54d791-e6be-4638-9d30-862329e5ebc7,21,0,0,0,0,4,25
2026-04-04,Shardul Thakur,c1257351-51ca-446f-b7f5-01fe92e75076,Bowling Allrounder,"Delhi Capitals vs Mumbai Indians, 8th Match, Indian Premier League 2026",19455906-a0a9-4959-a591-c5aee00b3e1b,0,0,0,-6,0,4,-2
2026-04-04,Sherfane Rutherford,c978ce48-495b-4773-89c9-8a64d0257896,Batting Allrounder,"Delhi Capitals vs Mumbai Indians, 8th Match, Indian Premier League 2026",19455906-a0a9-4959-a591-c5aee00b3e1b,9,0,0,0,0,4,13
2026-04-04,Shimron Hetmyer,4269d64c-962d-4cd9-b2d2-1a62f51256b8,Batsman,"Gujarat Titans vs Rajasthan Royals, 9th Match, Indian Premier League 2026",8f54d791-e6be-4638-9d30-862329e5ebc7,34,0,0,0,8,4,46
2026-04-04,Suryakumar Yadav,8c579447-bfbd-4cf6-a283-db4dc1d5ac33,Batsman,"Delhi Capitals vs Mumbai Indians, 8th Match, Indian Premier League 2026",19455906-a0a9-4959-a591-c5aee00b3e1b,83,2,0,0,0,4,89
2026-04-04,T Natarajan,d8826d0d-ef95-4dce-a47a-b09b97f49f07,Bowler,"Delhi Capitals vs Mumbai Indians, 8th Match, Indian Premier League 2026",19455906-a0a9-4959-a591-c5aee00b3e1b,0,0,30,0,0,4,34
2026-04-04,Tilak Varma,aefd9074-da5a-408d-94f1-3be0e79d3b82,Batsman,"Delhi Capitals vs Mumbai Indians, 8th Match, Indian Premier League 2026",19455906-a0a9-4959-a591-c5aee00b3e1b,-2,0,0,0,8,4,10
2026-04-04,Tristan Stubbs,de19a93e-06df-4597-9186-7a53c1613552,WK-Batsman,"Delhi Capitals vs Mumbai Indians, 8th Match, Indian Premier League 2026",19455906-a0a9-4959-a591-c5aee00b3e1b,3,0,0,0,8,4,15
2026-04-04,Tushar Deshpande,f3876b65-0643-49df-9255-4a06dd3fa051,Bowler,"Gujarat Titans vs Rajasthan Royals, 9th Match, Indian Premier League 2026",8f54d791-e6be-4638-9d30-862329e5ebc7,0,0,30,0,8,4,42
2026-04-04,Vaibhav Sooryavanshi,0f5502aa-40c8-43c6-a38f-1496000bd5b6,Batsman,"Gujarat Titans vs Rajasthan Royals, 9th Match, Indian Premier League 2026",8f54d791-e6be-4638-9d30-862329e5ebc7,61,6,0,0,0,4,71
2026-04-04,Vipraj Nigam,6d4e7d4a-4fae-4958-bc15-a063c09508eb,Bowler,"Delhi Capitals vs Mumbai Indians, 8th Match, Indian Premier League 2026",19455906-a0a9-4959-a591-c5aee00b3e1b,0,0,30,0,0,4,34
2026-04-04,Washington Sundar,309d3ffd-3d06-460d-9427-c559a604d471,Bowling Allrounder,"Gujarat Titans vs Rajasthan Royals, 9th Match, Indian Premier League 2026",8f54d791-e6be-4638-9d30-862329e5ebc7,8,0,0,0,0,4,12
2026-04-04,Yashasvi Jaiswal,a254feed-0d7c-4f04-a2ab-7bf9ceef156b,Batsman,"Gujarat Titans vs Rajasthan Royals, 9th Match, Indian Premier League 2026",8f54d791-e6be-4638-9d30-862329e5ebc7,105,4,0,0,0,4,113
2026-04-05,Abdul Samad,dd665f5d-04e8-436b-b376-8fd2a9b8bf8a,Batting Allrounder,"Sunrisers Hyderabad vs Lucknow Super Giants, 10th Match, Indian Premier League 2026",9186c79f-2121-4fc4-bb8d-3c411b417609,24,2,0,0,0,4,30
2026-04-05,Abhinandan Singh,849877f5-7704-4cad-b1ba-9e0b33aed35e,Bowler,"Royal Challengers Bengaluru vs Chennai Super Kings, 11th Match, Indian Premier League 2026",69d5e465-e2e5-4616-aa22-8d069c2dc0fe,0,0,60,0,8,4,72
2026-04-05,Abhishek Sharma,83fe6ab6-d63c-420e-9416-a93d59a9a964,Batting Allrounder,"Sunrisers Hyderabad vs Lucknow Super Giants, 10th Match, Indian Premier League 2026",9186c79f-2121-4fc4-bb8d-3c411b417609,0,0,0,0,0,4,4
2026-04-05,Aiden Markram,3fef81b0-c1e9-45eb-954f-519f3b33d640,Batsman,"Sunrisers Hyderabad vs Lucknow Super Giants, 10th Match, Indian Premier League 2026",9186c79f-2121-4fc4-bb8d-3c411b417609,85,4,0,0,8,4,101
2026-04-05,Aniket Verma,196f622e-e1ae-4962-95b5-81324e26c5fe,Batsman,"Sunrisers Hyderabad vs Lucknow Super Giants, 10th Match, Indian Premier League 2026",9186c79f-2121-4fc4-bb8d-3c411b417609,2,0,0,0,0,4,6
2026-04-05,Anshul Kamboj,cbe808da-727a-4d9c-b3be-6eb431217483,Bowling Allrounder,"Royal Challengers Bengaluru vs Chennai Super Kings, 11th Match, Indian Premier League 2026",69d5e465-e2e5-4616-aa22-8d069c2dc0fe,29,4,30,-6,0,4,61
2026-04-05,Avesh Khan,332200ad-d1f8-4035-95c5-b33bd1c9a939,Bowler,"Sunrisers Hyderabad vs Lucknow Super Giants, 10th Match, Indian Premier League 2026",9186c79f-2121-4fc4-bb8d-3c411b417609,0,0,60,0,0,4,64
2026-04-05,Ayush Badoni,151d6979-05d3-4c1f-ae30-0e58af0e8613,Batting Allrounder,"Sunrisers Hyderabad vs Lucknow Super Giants, 10th Match, Indian Premier League 2026",9186c79f-2121-4fc4-bb8d-3c411b417609,16,0,0,0,0,4,20
2026-04-05,Ayush Mhatre,679f3d10-ac62-4f5b-89b2-7010935b9985,Batsman,"Royal Challengers Bengaluru vs Chennai Super Kings, 11th Match, Indian Premier League 2026",69d5e465-e2e5-4616-aa22-8d069c2dc0fe,1,0,0,0,0,4,5
2026-04-05,Bhuvneshwar Kumar,3f3ecf51-8411-4046-9477-18c0fe3da6ac,Bowler,"Royal Challengers Bengaluru vs Chennai Super Kings, 11th Match, Indian Premier League 2026",69d5e465-e2e5-4616-aa22-8d069c2dc0fe,0,0,94,-2,0,4,96
2026-04-05,Devdutt Padikkal,74c6584a-45a5-4781-a5e7-c0c9340da954,Batsman,"Royal Challengers Bengaluru vs Chennai Super Kings, 11th Match, Indian Premier League 2026",69d5e465-e2e5-4616-aa22-8d069c2dc0fe,90,6,0,0,16,4,116
2026-04-05,Digvesh Singh Rathi,93eaaabd-7529-44cb-a8c7-52acd30ea54e,Bowler,"Sunrisers Hyderabad vs Lucknow Super Giants, 10th Match, Indian Premier League 2026",9186c79f-2121-4fc4-bb8d-3c411b417609,0,0,30,-4,0,4,30
2026-04-05,Eshan Malinga,7aa19b4a-48ef-4d17-bef7-1e71f7829cb5,Bowler,"Sunrisers Hyderabad vs Lucknow Super Giants, 10th Match, Indian Premier League 2026",9186c79f-2121-4fc4-bb8d-3c411b417609,0,0,30,0,0,4,34
2026-04-05,Harsh Dubey,cc7c9a0b-b6ac-4109-84c8-dd9b1704308f,Bowling Allrounder,"Sunrisers Hyderabad vs Lucknow Super Giants, 10th Match, Indian Premier League 2026",9186c79f-2121-4fc4-bb8d-3c411b417609,0,0,60,6,0,4,70
2026-04-05,Harshal Patel,15bccb4f-8c3c-4da6-acd9-551782278bfd,Bowler,"Sunrisers Hyderabad vs Lucknow Super Giants, 10th Match, Indian Premier League 2026",9186c79f-2121-4fc4-bb8d-3c411b417609,8,0,0,4,0,4,16
2026-04-05,Heinrich Klaasen,7d662361-8f12-4a52-9a4b-01e8734bd31d,WK-Batsman,"Sunrisers Hyderabad vs Lucknow Super Giants, 10th Match, Indian Premier League 2026",9186c79f-2121-4fc4-bb8d-3c411b417609,102,4,0,0,0,4,110
2026-04-05,Ishan Kishan,9ae68636-48d9-488f-8adc-e62a19815d85,WK-Batsman,"Sunrisers Hyderabad vs Lucknow Super Giants, 10th Match, Indian Premier League 2026",9186c79f-2121-4fc4-bb8d-3c411b417609,1,0,0,0,18,4,23
2026-04-05,Jacob Bethell,d8b0e01b-b754-432b-80a4-551e8c7ec8ca,Batting Allrounder,"Royal Challengers Bengaluru vs Chennai Super Kings, 11th Match, Indian Premier League 2026",69d5e465-e2e5-4616-aa22-8d069c2dc0fe,0,0,0,0,8,4,12
2026-04-05,Jacob Duffy,6e05cbea-6a4b-42ef-8e2e-b44e4b434c2f,Bowler,"Royal Challengers Bengaluru vs Chennai Super Kings, 11th Match, Indian Premier League 2026",69d5e465-e2e5-4616-aa22-8d069c2dc0fe,0,0,60,-6,0,4,58
2026-04-05,Jamie Overton,9d8be8e7-4218-400f-919a-211415490575,Bowling Allrounder,"Royal Challengers Bengaluru vs Chennai Super Kings, 11th Match, Indian Premier League 2026",69d5e465-e2e5-4616-aa22-8d069c2dc0fe,69,6,30,-6,0,4,103
2026-04-05,Jaydev Unadkat,f589d2a9-4e44-464d-9741-e224354a1370,Bowler,"Sunrisers Hyderabad vs Lucknow Super Giants, 10th Match, Indian Premier League 2026",9186c79f-2121-4fc4-bb8d-3c411b417609,0,0,0,-6,0,4,-2
2026-04-05,Jitesh Sharma,e28de73b-f5df-49eb-bdf6-c50471319404,WK-Batsman,"Royal Challengers Bengaluru vs Chennai Super Kings, 11th Match, Indian Premier League 2026",69d5e465-e2e5-4616-aa22-8d069c2dc0fe,0,0,0,0,20,4,24
2026-04-05,Kartik Sharma,a9897a50-1497-4912-8899-e67898f87f82,WK-Batsman,"Royal Challengers Bengaluru vs Chennai Super Kings, 11th Match, Indian Premier League 2026",69d5e465-e2e5-4616-aa22-8d069c2dc0fe,12,0,0,0,0,4,16
2026-04-05,Khaleel Ahmed,8df6183b-1c95-46d2-85c0-e185792d03f1,Bowler,"Royal Challengers Bengaluru vs Chennai Super Kings, 11th Match, Indian Premier League 2026",69d5e465-e2e5-4616-aa22-8d069c2dc0fe,0,0,0,0,0,4,4
2026-04-05,Krunal Pandya,81c09c1b-1b1d-4e87-9eaa-d7d0a89a6159,Batting Allrounder,"Royal Challengers Bengaluru vs Chennai Super Kings, 11th Match, Indian Premier League 2026",69d5e465-e2e5-4616-aa22-8d069c2dc0fe,0,0,60,-4,0,4,60
2026-04-05,Liam Livingstone,d1c0a448-6ee6-473a-90a2-e6a486698a8a,Batting Allrounder,"Sunrisers Hyderabad vs Lucknow Super Giants, 10th Match, Indian Premier League 2026",9186c79f-2121-4fc4-bb8d-3c411b417609,20,-2,0,0,16,4,38
2026-04-05,Manimaran Siddharth,63075eff-1f66-4bf7-923f-5f92ee123283,Bowler,"Sunrisers Hyderabad vs Lucknow Super Giants, 10th Match, Indian Premier League 2026",9186c79f-2121-4fc4-bb8d-3c411b417609,0,0,30,0,8,4,42
2026-04-05,Matt Henry,36e929d1-32f1-4d41-96c2-7df1364d0bab,Bowler,"Royal Challengers Bengaluru vs Chennai Super Kings, 11th Match, Indian Premier League 2026",69d5e465-e2e5-4616-aa22-8d069c2dc0fe,2,0,0,-4,0,4,2
2026-04-05,Mitchell Marsh,6eaac800-13e7-4a07-8ee2-14acd04cc53f,Batting Allrounder,"Sunrisers Hyderabad vs Lucknow Super Giants, 10th Match, Indian Premier League 2026",9186c79f-2121-4fc4-bb8d-3c411b417609,22,0,0,0,0,4,26
2026-04-05,Mohammed Shami,11d06633-aa20-469c-8fbb-676a1ae33eed,Bowler,"Sunrisers Hyderabad vs Lucknow Super Giants, 10th Match, Indian Premier League 2026",9186c79f-2121-4fc4-bb8d-3c411b417609,0,0,60,6,0,4,70
2026-04-05,Mukul Choudhary,5f2406ef-f96e-4f60-8529-71d2987ff4e3,WK-Batsman,"Sunrisers Hyderabad vs Lucknow Super Giants, 10th Match, Indian Premier League 2026",9186c79f-2121-4fc4-bb8d-3c411b417609,2,0,0,0,0,4,6
2026-04-05,Nicholas Pooran,4e8ab9cd-c5af-430e-887b-d22bf74ad052,WK-Batsman,"Sunrisers Hyderabad vs Lucknow Super Giants, 10th Match, Indian Premier League 2026",9186c79f-2121-4fc4-bb8d-3c411b417609,1,0,0,0,0,4,5
2026-04-05,Nitish Kumar Reddy,5bf98798-b2b0-47d2-b799-5307c0fd4936,Batting Allrounder,"Sunrisers Hyderabad vs Lucknow Super Giants, 10th Match, Indian Premier League 2026",9186c79f-2121-4fc4-bb8d-3c411b417609,106,4,0,0,8,4,122
2026-04-05,Noor Ahmad,3cbc5a08-62af-4ca5-b709-c7712db6e8b6,Bowler,"Royal Challengers Bengaluru vs Chennai Super Kings, 11th Match, Indian Premier League 2026",69d5e465-e2e5-4616-aa22-8d069c2dc0fe,14,0,0,-6,8,4,20
2026-04-05,Philip Salt,6db25d60-ff96-4d8d-8d22-dedeeb5ffa29,WK-Batsman,"Royal Challengers Bengaluru vs Chennai Super Kings, 11th Match, Indian Premier League 2026",69d5e465-e2e5-4616-aa22-8d069c2dc0fe,74,4,0,0,8,4,90
2026-04-05,Prashant Veer,fb46a43c-3deb-489d-8641-5d1744dfbf81,Bowler,"Royal Challengers Bengaluru vs Chennai Super Kings, 11th Match, Indian Premier League 2026",69d5e465-e2e5-4616-aa22-8d069c2dc0fe,77,0,0,0,0,4,81
2026-04-05,Prince Yadav,a67a5fef-c1d6-4264-a6a6-c1984489bd36,Bowler,"Sunrisers Hyderabad vs Lucknow Super Giants, 10th Match, Indian Premier League 2026",9186c79f-2121-4fc4-bb8d-3c411b417609,0,0,60,0,8,4,72
2026-04-05,Rajat Patidar,88215ee9-ca67-48af-a3f0-6b38718bd830,Batsman,"Royal Challengers Bengaluru vs Chennai Super Kings, 11th Match, Indian Premier League 2026",69d5e465-e2e5-4616-aa22-8d069c2dc0fe,92,6,0,0,16,4,118
2026-04-05,Rishabh Pant,a52b2d20-7c98-4238-9ba4-ec78419a5cc2,WK-Batsman,"Sunrisers Hyderabad vs Lucknow Super Giants, 10th Match, Indian Premier League 2026",9186c79f-2121-4fc4-bb8d-3c411b417609,112,2,0,0,22,4,140
2026-04-05,Romario Shepherd,7fd4fa20-bc49-4337-ae8a-540b67cb011d,Bowling Allrounder,"Royal Challengers Bengaluru vs Chennai Super Kings, 11th Match, Indian Premier League 2026",69d5e465-e2e5-4616-aa22-8d069c2dc0fe,0,0,0,0,0,4,4
2026-04-05,Ruturaj Gaikwad,50b70c71-1535-41c0-87fd-c12883105ede,Batsman,"Royal Challengers Bengaluru vs Chennai Super Kings, 11th Match, Indian Premier League 2026",69d5e465-e2e5-4616-aa22-8d069c2dc0fe,13,0,0,0,0,4,17
2026-04-05,Sanju Samson,35ed1b20-38f3-4013-be2e-dc28ffbecfd6,WK-Batsman,"Royal Challengers Bengaluru vs Chennai Super Kings, 11th Match, Indian Premier League 2026",69d5e465-e2e5-4616-aa22-8d069c2dc0fe,15,0,0,0,0,4,19
2026-04-05,Sarfaraz Khan,ec1b806b-de33-4b79-b3ba-8a5ad78df163,Batsman,"Royal Challengers Bengaluru vs Chennai Super Kings, 11th Match, Indian Premier League 2026",69d5e465-e2e5-4616-aa22-8d069c2dc0fe,102,6,0,0,0,4,112
2026-04-05,Shivam Dube,22ee45d8-0538-4e3e-a758-c515f9b86d11,Batting Allrounder,"Royal Challengers Bengaluru vs Chennai Super Kings, 11th Match, Indian Premier League 2026",69d5e465-e2e5-4616-aa22-8d069c2dc0fe,32,2,30,-6,8,4,70
2026-04-05,Shivang Kumar,80c68f84-9ddf-4f6d-9672-9b21d51fd44e,Batting Allrounder,"Sunrisers Hyderabad vs Lucknow Super Giants, 10th Match, Indian Premier League 2026",9186c79f-2121-4fc4-bb8d-3c411b417609,9,0,30,0,0,4,43
2026-04-05,Suyash Sharma,2bf2258f-f35e-4831-884e-f88ef46968f5,Bowler,"Royal Challengers Bengaluru vs Chennai Super Kings, 11th Match, Indian Premier League 2026",69d5e465-e2e5-4616-aa22-8d069c2dc0fe,0,0,30,4,0,4,38
2026-04-05,Tim David,69718248-2a3a-45d4-9a2a-6f4dfc6942a5,Batsman,"Royal Challengers Bengaluru vs Chennai Super Kings, 11th Match, Indian Premier League 2026",69d5e465-e2e5-4616-aa22-8d069c2dc0fe,138,6,0,0,0,4,148
2026-04-05,Travis Head,d6720897-e81d-4703-bf33-d2b60c973d30,Batsman,"Sunrisers Hyderabad vs Lucknow Super Giants, 10th Match, Indian Premier League 2026",9186c79f-2121-4fc4-bb8d-3c411b417609,11,0,0,0,0,4,15
2026-04-05,Virat Kohli,c61d247d-7f77-452c-b495-2813a9cd0ac4,Batsman,"Royal Challengers Bengaluru vs Chennai Super Kings, 11th Match, Indian Premier League 2026",69d5e465-e2e5-4616-aa22-8d069c2dc0fe,46,4,0,0,8,4,62
2026-04-06,Ajinkya Rahane,cdc2646c-1fe7-4bc2-b26e-42453f45a212,Batsman,"Kolkata Knight Riders vs Punjab Kings, 12th Match, Indian Premier League 2026",12b5d808-d9ab-468e-bd25-a2c347f64bdc,12,0,0,0,0,4,16
2026-04-06,Angkrish Raghuvanshi,3c89df94-f39c-4c51-8e64-441c73c32c78,Batsman,"Kolkata Knight Riders vs Punjab Kings, 12th Match, Indian Premier League 2026",12b5d808-d9ab-468e-bd25-a2c347f64bdc,7,0,0,0,0,4,11
2026-04-06,Arshdeep Singh,607ff10c-5619-411d-a822-06ba28992230,Bowler,"Kolkata Knight Riders vs Punjab Kings, 12th Match, Indian Premier League 2026",12b5d808-d9ab-468e-bd25-a2c347f64bdc,0,0,0,0,0,4,4
2026-04-06,Cameron Green,abe58090-e933-4888-8538-64f4611ee259,Batting Allrounder,"Kolkata Knight Riders vs Punjab Kings, 12th Match, Indian Premier League 2026",12b5d808-d9ab-468e-bd25-a2c347f64bdc,8,0,0,0,0,4,12
2026-04-06,Finn Allen,08924d57-b4d3-4ed0-903d-087a8384be12,Batsman,"Kolkata Knight Riders vs Punjab Kings, 12th Match, Indian Premier League 2026",12b5d808-d9ab-468e-bd25-a2c347f64bdc,10,0,0,0,0,4,14
2026-04-06,Prabhsimran Singh,a15dfada-704c-42c3-9545-91c332ffca73,WK-Batsman,"Kolkata Knight Riders vs Punjab Kings, 12th Match, Indian Premier League 2026",12b5d808-d9ab-468e-bd25-a2c347f64bdc,0,0,0,0,16,4,20
2026-04-06,Xavier Bartlett,cba19be9-7aec-4083-ba61-26f0aee31721,Bowler,"Kolkata Knight Riders vs Punjab Kings, 12th Match, Indian Premier League 2026",12b5d808-d9ab-468e-bd25-a2c347f64bdc,0,0,60,0,0,4,64
2026-04-07,AM Ghazanfar,01966983-b69f-4523-9377-11b5c190715f,Bowler,"Rajasthan Royals vs Mumbai Indians, 13th Match, Indian Premier League 2026",3dd82a3e-52e3-409b-bb9c-ef458942a7a2,0,0,60,-2,0,4,62
2026-04-07,Deepak Chahar,237a1ef2-1eae-4877-8b94-d20d84faf635,Bowler,"Rajasthan Royals vs Mumbai Indians, 13th Match, Indian Premier League 2026",3dd82a3e-52e3-409b-bb9c-ef458942a7a2,10,0,0,0,0,4,14
2026-04-07,Dhruv Jurel,21d693c2-b4dd-4d24-b747-90dfc8357ef5,WK-Batsman,"Rajasthan Royals vs Mumbai Indians, 13th Match, Indian Premier League 2026",3dd82a3e-52e3-409b-bb9c-ef458942a7a2,2,0,0,0,16,4,22
2026-04-07,Hardik Pandya,a90b2371-5c53-4c29-a382-9b52d40a7548,Batting Allrounder,"Rajasthan Royals vs Mumbai Indians, 13th Match, Indian Premier League 2026",3dd82a3e-52e3-409b-bb9c-ef458942a7a2,17,0,0,0,0,4,21
2026-04-07,Jasprit Bumrah,6602d875-cf56-46a3-866c-de80aaa006bc,Bowler,"Rajasthan Royals vs Mumbai Indians, 13th Match, Indian Premier League 2026",3dd82a3e-52e3-409b-bb9c-ef458942a7a2,9,0,0,-2,0,4,11
2026-04-07,Jofra Archer,19758cd7-4cce-47d8-b1fe-5975609de802,Bowler,"Rajasthan Royals vs Mumbai Indians, 13th Match, Indian Premier League 2026",3dd82a3e-52e3-409b-bb9c-ef458942a7a2,0,0,30,0,14,4,48
2026-04-07,Naman Dhir,71add5ac-55f9-4eb7-9e0c-d51208ae20c0,Batsman,"Rajasthan Royals vs Mumbai Indians, 13th Match, Indian Premier League 2026",3dd82a3e-52e3-409b-bb9c-ef458942a7a2,47,6,0,0,0,4,57
2026-04-07,Nandre Burger,3545d689-5166-440e-9eaf-1409e554a547,Bowler,"Rajasthan Royals vs Mumbai Indians, 13th Match, Indian Premier League 2026",3dd82a3e-52e3-409b-bb9c-ef458942a7a2,0,0,60,-2,0,4,62
2026-04-07,Ravi Bishnoi,9a71201c-c377-45aa-a355-1af6d2c4bae3,Bowler,"Rajasthan Royals vs Mumbai Indians, 13th Match, Indian Premier League 2026",3dd82a3e-52e3-409b-bb9c-ef458942a7a2,0,0,60,-6,8,4,66
2026-04-07,Riyan Parag,b51bb4e5-acdf-423b-abb3-7a1e6694d2c2,Batting Allrounder,"Rajasthan Royals vs Mumbai Indians, 13th Match, Indian Premier League 2026",3dd82a3e-52e3-409b-bb9c-ef458942a7a2,36,6,0,0,0,4,46
2026-04-07,Rohit Sharma,03bda674-3916-4d64-952e-00a6c19c01e1,Batsman,"Rajasthan Royals vs Mumbai Indians, 13th Match, Indian Premier League 2026",3dd82a3e-52e3-409b-bb9c-ef458942a7a2,5,0,0,0,0,4,9
2026-04-07,Ryan Rickelton,a6686871-5bcd-4aae-8bfc-8298f878b6a9,WK-Batsman,"Rajasthan Royals vs Mumbai Indians, 13th Match, Indian Premier League 2026",3dd82a3e-52e3-409b-bb9c-ef458942a7a2,14,0,0,0,0,4,18
2026-04-07,Sandeep Sharma,3f18b02d-0e1a-49be-aec4-c2fc11503505,Bowler,"Rajasthan Royals vs Mumbai Indians, 13th Match, Indian Premier League 2026",3dd82a3e-52e3-409b-bb9c-ef458942a7a2,0,0,60,0,8,4,72
2026-04-07,Shardul Thakur,c1257351-51ca-446f-b7f5-01fe92e75076,Bowling Allrounder,"Rajasthan Royals vs Mumbai Indians, 13th Match, Indian Premier League 2026",3dd82a3e-52e3-409b-bb9c-ef458942a7a2,12,0,30,-6,0,4,40
2026-04-07,Sherfane Rutherford,c978ce48-495b-4773-89c9-8a64d0257896,Batting Allrounder,"Rajasthan Royals vs Mumbai Indians, 13th Match, Indian Premier League 2026",3dd82a3e-52e3-409b-bb9c-ef458942a7a2,49,0,0,0,0,4,53
2026-04-07,Shimron Hetmyer,4269d64c-962d-4cd9-b2d2-1a62f51256b8,Batsman,"Rajasthan Royals vs Mumbai Indians, 13th Match, Indian Premier League 2026",3dd82a3e-52e3-409b-bb9c-ef458942a7a2,6,0,0,0,8,4,18
2026-04-07,Suryakumar Yadav,8c579447-bfbd-4cf6-a283-db4dc1d5ac33,Batsman,"Rajasthan Royals vs Mumbai Indians, 13th Match, Indian Premier League 2026",3dd82a3e-52e3-409b-bb9c-ef458942a7a2,12,0,0,0,0,4,16
2026-04-07,Tilak Varma,aefd9074-da5a-408d-94f1-3be0e79d3b82,Batsman,"Rajasthan Royals vs Mumbai Indians, 13th Match, Indian Premier League 2026",3dd82a3e-52e3-409b-bb9c-ef458942a7a2,22,2,0,0,16,4,44
2026-04-07,Trent Boult,6004fd3f-2264-470d-b39f-340d530b19b3,Bowler,"Rajasthan Royals vs Mumbai Indians, 13th Match, Indian Premier League 2026",3dd82a3e-52e3-409b-bb9c-ef458942a7a2,1,0,0,0,0,4,5
2026-04-07,Tushar Deshpande,f3876b65-0643-49df-9255-4a06dd3fa051,Bowler,"Rajasthan Royals vs Mumbai Indians, 13th Match, Indian Premier League 2026",3dd82a3e-52e3-409b-bb9c-ef458942a7a2,0,0,30,-6,0,4,28
2026-04-07,Vaibhav Sooryavanshi,0f5502aa-40c8-43c6-a38f-1496000bd5b6,Batsman,"Rajasthan Royals vs Mumbai Indians, 13th Match, Indian Premier League 2026",3dd82a3e-52e3-409b-bb9c-ef458942a7a2,77,6,0,0,0,4,87
2026-04-07,Yashasvi Jaiswal,a254feed-0d7c-4f04-a2ab-7bf9ceef156b,Batsman,"Rajasthan Royals vs Mumbai Indians, 13th Match, Indian Premier League 2026",3dd82a3e-52e3-409b-bb9c-ef458942a7a2,153,6,0,0,8,4,171
2026-04-08,Ashok Sharma,4b661541-36cf-4dbe-96f0-3d58f971a2a9,Bowler,"Delhi Capitals vs Gujarat Titans, 14th Match, Indian Premier League 2026",5945bbf4-b6b5-45b6-abac-db03e8a39130,0,0,0,-6,0,4,-2
2026-04-08,Axar Patel,670ae8ac-4fe9-4f0c-84ee-320b13039f34,Bowling Allrounder,"Delhi Capitals vs Gujarat Titans, 14th Match, Indian Premier League 2026",5945bbf4-b6b5-45b6-abac-db03e8a39130,2,0,0,-2,0,4,4
2026-04-08,David Miller,2f50df2f-809d-44f9-b5be-ccb846515861,Batsman,"Delhi Capitals vs Gujarat Titans, 14th Match, Indian Premier League 2026",5945bbf4-b6b5-45b6-abac-db03e8a39130,75,6,0,0,0,4,85
2026-04-08,Glenn Phillips,9e6fa482-3ad3-4831-b05d-4fed2510cdf5,Batting Allrounder,"Delhi Capitals vs Gujarat Titans, 14th Match, Indian Premier League 2026",5945bbf4-b6b5-45b6-abac-db03e8a39130,24,0,0,0,8,4,36
2026-04-08,Jos Buttler,7567e305-1b40-4eee-9290-e2fcb8804496,WK-Batsman,"Delhi Capitals vs Gujarat Titans, 14th Match, Indian Premier League 2026",5945bbf4-b6b5-45b6-abac-db03e8a39130,102,6,0,0,14,4,126
2026-04-08,KL Rahul,a034346c-b408-4d29-a0f0-8b12430be28e,WK-Batsman,"Delhi Capitals vs Gujarat Titans, 14th Match, Indian Premier League 2026",5945bbf4-b6b5-45b6-abac-db03e8a39130,172,6,0,0,0,4,182
2026-04-08,Kagiso Rabada,a81da20a-e420-476a-baf6-204fc219dbdd,Bowler,"Delhi Capitals vs Gujarat Titans, 14th Match, Indian Premier League 2026",5945bbf4-b6b5-45b6-abac-db03e8a39130,0,0,0,0,0,4,4
2026-04-08,Kuldeep Yadav,1e651cfb-57f1-48da-bf9d-83cbff1733d1,Bowler,"Delhi Capitals vs Gujarat Titans, 14th Match, Indian Premier League 2026",5945bbf4-b6b5-45b6-abac-db03e8a39130,1,0,30,-2,0,4,33
2026-04-08,Lungi Ngidi,a1782393-3479-4caa-9c27-79cb87df9abc,Bowler,"Delhi Capitals vs Gujarat Titans, 14th Match, Indian Premier League 2026",5945bbf4-b6b5-45b6-abac-db03e8a39130,0,0,30,2,0,4,36
2026-04-08,Mohammed Siraj,2a8d8640-2213-4cf6-ac7e-309d8b733e96,Bowler,"Delhi Capitals vs Gujarat Titans, 14th Match, Indian Premier League 2026",5945bbf4-b6b5-45b6-abac-db03e8a39130,0,0,30,-6,0,4,28
2026-04-08,Mukesh Kumar,116e2bfb-6a97-4221-8006-8e7da70b0715,Bowler,"Delhi Capitals vs Gujarat Titans, 14th Match, Indian Premier League 2026",5945bbf4-b6b5-45b6-abac-db03e8a39130,0,0,60,-6,0,4,58
2026-04-08,Nitish Rana,64360dd6-a8db-47ae-8837-638a5bbbaae6,Batsman,"Delhi Capitals vs Gujarat Titans, 14th Match, Indian Premier League 2026",5945bbf4-b6b5-45b6-abac-db03e8a39130,9,0,0,0,16,4,29
2026-04-08,Pathum Nissanka,bbbf3b4e-dbc3-4f2a-986d-1a0227ea5a06,Batsman,"Delhi Capitals vs Gujarat Titans, 14th Match, Indian Premier League 2026",5945bbf4-b6b5-45b6-abac-db03e8a39130,75,6,0,0,0,4,85
2026-04-08,Prasidh Krishna,99eb6b5c-379f-46da-bab7-dc8fd31ba435,Bowler,"Delhi Capitals vs Gujarat Titans, 14th Match, Indian Premier League 2026",5945bbf4-b6b5-45b6-abac-db03e8a39130,0,0,60,-6,0,4,58
2026-04-08,Rahul Tewatia,085d49b0-d5e5-4fc5-955b-39758a134545,Batting Allrounder,"Delhi Capitals vs Gujarat Titans, 14th Match, Indian Premier League 2026",5945bbf4-b6b5-45b6-abac-db03e8a39130,1,0,0,0,8,4,13
2026-04-08,Rashid Khan,f0687183-ad9a-44f7-9cbf-4f7eb0cbfb5a,Bowling Allrounder,"Delhi Capitals vs Gujarat Titans, 14th Match, Indian Premier League 2026",5945bbf4-b6b5-45b6-abac-db03e8a39130,0,0,94,6,0,4,104
2026-04-08,Sai Sudharsan,79f582a1-f5ab-4d30-8f5f-b05d4143608c,Batsman,"Delhi Capitals vs Gujarat Titans, 14th Match, Indian Premier League 2026",5945bbf4-b6b5-45b6-abac-db03e8a39130,20,0,0,0,14,4,38
2026-04-08,Sameer Rizvi,3ec5f8da-2054-4ebb-b9be-2668ddc45e66,Batsman,"Delhi Capitals vs Gujarat Titans, 14th Match, Indian Premier League 2026",5945bbf4-b6b5-45b6-abac-db03e8a39130,-2,0,0,0,0,4,2
2026-04-08,Shubman Gill,7263e990-a9e9-4829-8adf-760d18d1315c,Batsman,"Delhi Capitals vs Gujarat Titans, 14th Match, Indian Premier League 2026",5945bbf4-b6b5-45b6-abac-db03e8a39130,124,4,0,0,8,4,140
2026-04-08,T Natarajan,d8826d0d-ef95-4dce-a47a-b09b97f49f07,Bowler,"Delhi Capitals vs Gujarat Titans, 14th Match, Indian Premier League 2026",5945bbf4-b6b5-45b6-abac-db03e8a39130,0,0,0,0,0,4,4
2026-04-08,Tristan Stubbs,de19a93e-06df-4597-9186-7a53c1613552,WK-Batsman,"Delhi Capitals vs Gujarat Titans, 14th Match, Indian Premier League 2026",5945bbf4-b6b5-45b6-abac-db03e8a39130,7,0,0,0,0,4,11
2026-04-08,Vipraj Nigam,6d4e7d4a-4fae-4958-bc15-a063c09508eb,Bowler,"Delhi Capitals vs Gujarat Titans, 14th Match, Indian Premier League 2026",5945bbf4-b6b5-45b6-abac-db03e8a39130,20,0,0,0,0,4,24
2026-04-08,Washington Sundar,309d3ffd-3d06-460d-9427-c559a604d471,Bowling Allrounder,"Delhi Capitals vs Gujarat Titans, 14th Match, Indian Premier League 2026",5945bbf4-b6b5-45b6-abac-db03e8a39130,99,6,0,0,0,4,109
2026-04-09,Abdul Samad,dd665f5d-04e8-436b-b376-8fd2a9b8bf8a,Batting Allrounder,"Kolkata Knight Riders vs Lucknow Super Giants, 15th Match, Indian Premier League 2026",2d6c0b86-76c0-4795-96a4-e252f575d2d9,2,0,0,0,0,4,6
2026-04-09,Aiden Markram,3fef81b0-c1e9-45eb-954f-519f3b33d640,Batsman,"Kolkata Knight Riders vs Lucknow Super Giants, 15th Match, Indian Premier League 2026",2d6c0b86-76c0-4795-96a4-e252f575d2d9,36,2,0,0,8,4,50
2026-04-09,Ajinkya Rahane,cdc2646c-1fe7-4bc2-b26e-42453f45a212,Batsman,"Kolkata Knight Riders vs Lucknow Super Giants, 15th Match, Indian Premier League 2026",2d6c0b86-76c0-4795-96a4-e252f575d2d9,73,6,0,0,0,4,83
2026-04-09,Angkrish Raghuvanshi,3c89df94-f39c-4c51-8e64-441c73c32c78,Batsman,"Kolkata Knight Riders vs Lucknow Super Giants, 15th Match, Indian Premier League 2026",2d6c0b86-76c0-4795-96a4-e252f575d2d9,81,2,0,0,8,4,95
2026-04-09,Anukul Roy,2958faf6-f7d1-4150-aa9e-e261a629ba0d,Batting Allrounder,"Kolkata Knight Riders vs Lucknow Super Giants, 15th Match, Indian Premier League 2026",2d6c0b86-76c0-4795-96a4-e252f575d2d9,0,0,60,0,8,4,72
2026-04-09,Avesh Khan,332200ad-d1f8-4035-95c5-b33bd1c9a939,Bowler,"Kolkata Knight Riders vs Lucknow Super Giants, 15th Match, Indian Premier League 2026",2d6c0b86-76c0-4795-96a4-e252f575d2d9,1,0,30,-2,0,4,33
2026-04-09,Ayush Badoni,151d6979-05d3-4c1f-ae30-0e58af0e8613,Batting Allrounder,"Kolkata Knight Riders vs Lucknow Super Giants, 15th Match, Indian Premier League 2026",2d6c0b86-76c0-4795-96a4-e252f575d2d9,102,4,0,0,0,4,110
2026-04-09,Cameron Green,abe58090-e933-4888-8538-64f4611ee259,Batting Allrounder,"Kolkata Knight Riders vs Lucknow Super Giants, 15th Match, Indian Premier League 2026",2d6c0b86-76c0-4795-96a4-e252f575d2d9,54,2,30,-6,0,4,84
2026-04-09,Digvesh Singh Rathi,93eaaabd-7529-44cb-a8c7-52acd30ea54e,Bowler,"Kolkata Knight Riders vs Lucknow Super Giants, 15th Match, Indian Premier League 2026",2d6c0b86-76c0-4795-96a4-e252f575d2d9,0,0,30,2,8,4,44
2026-04-09,Finn Allen,08924d57-b4d3-4ed0-903d-087a8384be12,Batsman,"Kolkata Knight Riders vs Lucknow Super Giants, 15th Match, Indian Premier League 2026",2d6c0b86-76c0-4795-96a4-e252f575d2d9,17,0,0,0,0,4,21
2026-04-09,Kartik Tyagi,ff17824f-0e1c-4eb7-acd3-8b5d116934bc,Bowler,"Kolkata Knight Riders vs Lucknow Super Giants, 15th Match, Indian Premier League 2026",2d6c0b86-76c0-4795-96a4-e252f575d2d9,0,0,30,-2,8,4,40
2026-04-09,Manimaran Siddharth,63075eff-1f66-4bf7-923f-5f92ee123283,Bowler,"Kolkata Knight Riders vs Lucknow Super Giants, 15th Match, Indian Premier League 2026",2d6c0b86-76c0-4795-96a4-e252f575d2d9,0,0,30,0,0,4,34
2026-04-09,Mitchell Marsh,6eaac800-13e7-4a07-8ee2-14acd04cc53f,Batting Allrounder,"Kolkata Knight Riders vs Lucknow Super Giants, 15th Match, Indian Premier League 2026",2d6c0b86-76c0-4795-96a4-e252f575d2d9,25,2,0,0,0,4,31
2026-04-09,Mohammed Shami,11d06633-aa20-469c-8fbb-676a1ae33eed,Bowler,"Kolkata Knight Riders vs Lucknow Super Giants, 15th Match, Indian Premier League 2026",2d6c0b86-76c0-4795-96a4-e252f575d2d9,1,0,0,2,8,4,15
2026-04-09,Mukul Choudhary,5f2406ef-f96e-4f60-8529-71d2987ff4e3,WK-Batsman,"Kolkata Knight Riders vs Lucknow Super Giants, 15th Match, Indian Premier League 2026",2d6c0b86-76c0-4795-96a4-e252f575d2d9,112,6,0,0,0,4,122
2026-04-09,Navdeep Saini,80193c8f-687d-47c3-a7e9-b098a83c7812,Bowler,"Kolkata Knight Riders vs Lucknow Super Giants, 15th Match, Indian Premier League 2026",2d6c0b86-76c0-4795-96a4-e252f575d2d9,0,0,0,-6,0,4,-2
2026-04-09,Nicholas Pooran,4e8ab9cd-c5af-430e-887b-d22bf74ad052,WK-Batsman,"Kolkata Knight Riders vs Lucknow Super Giants, 15th Match, Indian Premier League 2026",2d6c0b86-76c0-4795-96a4-e252f575d2d9,19,0,0,0,0,4,23
2026-04-09,Prince Yadav,a67a5fef-c1d6-4264-a6a6-c1984489bd36,Bowler,"Kolkata Knight Riders vs Lucknow Super Giants, 15th Match, Indian Premier League 2026",2d6c0b86-76c0-4795-96a4-e252f575d2d9,0,0,30,-4,0,4,30
2026-04-09,Ramandeep Singh,3187d301-269d-4823-b895-66d652ddefca,Batting Allrounder,"Kolkata Knight Riders vs Lucknow Super Giants, 15th Match, Indian Premier League 2026",2d6c0b86-76c0-4795-96a4-e252f575d2d9,0,0,0,0,8,4,12
2026-04-09,Rinku Singh,11864f31-b766-4766-9cbc-5026015ace48,Batsman,"Kolkata Knight Riders vs Lucknow Super Giants, 15th Match, Indian Premier League 2026",2d6c0b86-76c0-4795-96a4-e252f575d2d9,4,0,0,0,8,4,16
2026-04-09,Rishabh Pant,a52b2d20-7c98-4238-9ba4-ec78419a5cc2,WK-Batsman,"Kolkata Knight Riders vs Lucknow Super Giants, 15th Match, Indian Premier League 2026",2d6c0b86-76c0-4795-96a4-e252f575d2d9,14,0,0,0,0,4,18
2026-04-09,Rovman Powell,c699ec2b-a5f6-4ee0-a42d-79391b65b293,Batsman,"Kolkata Knight Riders vs Lucknow Super Giants, 15th Match, Indian Premier League 2026",2d6c0b86-76c0-4795-96a4-e252f575d2d9,71,4,0,0,8,4,87
2026-04-09,Sunil Narine,ef2e9c01-41f2-4349-a945-45d8b11dbd19,Bowling Allrounder,"Kolkata Knight Riders vs Lucknow Super Giants, 15th Match, Indian Premier League 2026",2d6c0b86-76c0-4795-96a4-e252f575d2d9,0,0,30,6,0,4,40
2026-04-09,Vaibhav Arora,82de5824-b29b-4737-9e9d-44f5796ef227,Bowler,"Kolkata Knight Riders vs Lucknow Super Giants, 15th Match, Indian Premier League 2026",2d6c0b86-76c0-4795-96a4-e252f575d2d9,0,0,60,0,0,4,64
